SensorChannel,SensorTarget,ReferenceChannel,ReferenceTarget,ExpectedHourlyRows,SensorValidRows,SensorMissingRows,SensorMissingRatePct,ReferenceMissingRows,ReferenceMissingRatePct,SensorPointFlags,ReferencePointFlags,DriftCandidateHours,InvestigationOnly
PT08.S1(CO),CO,CO(GT),CO,9357,8991.0,366.0,3.9115100993908305,1683.0,17.986534145559474,128.0,75,364.0,True
PT08.S2(NMHC),NMHC,NMHC(GT),NMHC,9357,8991.0,366.0,3.9115100993908305,8443.0,90.23191193758683,122.0,41,0.0,True
PT08.S3(NOx),NOx,NOx(GT),NOx,9357,8991.0,366.0,3.9115100993908305,1639.0,17.51629795874746,254.0,13,0.0,True
PT08.S4(NO2),NO2,NO2(GT),NO2,9357,8991.0,366.0,3.9115100993908305,1642.0,17.54835951693919,219.0,7,586.0,True
PT08.S5(O3),O3,,No direct reference,9357,8991.0,366.0,3.9115100993908305,,,187.0,0,0.0,True
,,CO(GT),CO,9357,,,,1683.0,17.986534145559474,,75,,True
,,NMHC(GT),NMHC,9357,,,,8443.0,90.23191193758683,,41,,True
,,C6H6(GT),Benzene,9357,,,,366.0,3.9115100993908305,,0,,True
,,NOx(GT),NOx,9357,,,,1639.0,17.51629795874746,,13,,True
,,NO2(GT),NO2,9357,,,,1642.0,17.54835951693919,,7,,True
