SensorChannel,ReferenceChannel,FlagType,StartTime,EndTime,FlaggedHours,PeakAbsRobustScore,MeanTemperatureC,MeanRelativeHumidityPct,Interpretation
PT08.S2(NMHC),NMHC(GT),Reference point reading,2004-03-11 18:00:00,2004-03-11 20:00:00,3,8.681348807456821,9.866666666666667,67.10000000000001,Item for investigation; not evidence of device failure
PT08.S4(NO2),NO2(GT),Sensor point reading,2004-03-11 19:00:00,2004-03-11 20:00:00,2,4.419958385964052,9.649999999999999,68.55,Item for investigation; not evidence of device failure
PT08.S3(NOx),NOx(GT),Sensor point reading,2004-03-14 06:00:00,2004-03-14 07:00:00,2,4.197308738908494,11.0,64.9,Item for investigation; not evidence of device failure
PT08.S2(NMHC),NMHC(GT),Reference point reading,2004-03-14 20:00:00,2004-03-14 20:00:00,1,4.537483291024368,17.6,46.1,Item for investigation; not evidence of device failure
PT08.S4(NO2),NO2(GT),Sensor point reading,2004-03-14 20:00:00,2004-03-14 20:00:00,1,3.824713497378843,17.6,46.1,Item for investigation; not evidence of device failure
PT08.S2(NMHC),NMHC(GT),Reference point reading,2004-03-15 08:00:00,2004-03-15 10:00:00,3,8.07036036629554,14.866666666666667,54.599999999999994,Item for investigation; not evidence of device failure
PT08.S2(NMHC),NMHC(GT),Sensor point reading,2004-03-15 08:00:00,2004-03-15 10:00:00,3,5.4278756381037585,14.866666666666667,54.599999999999994,Item for investigation; not evidence of device failure
PT08.S4(NO2),NO2(GT),Sensor point reading,2004-03-15 08:00:00,2004-03-15 10:00:00,3,8.279275462815049,14.866666666666667,54.599999999999994,Item for investigation; not evidence of device failure
PT08.S1(CO),CO(GT),Sensor point reading,2004-03-15 09:00:00,2004-03-15 09:00:00,1,3.587837401249452,14.8,54.3,Item for investigation; not evidence of device failure
PT08.S3(NOx),NOx(GT),Sensor point reading,2004-03-15 09:00:00,2004-03-15 09:00:00,1,3.6431375890150304,14.8,54.3,Item for investigation; not evidence of device failure
PT08.S5(O3),,Sensor point reading,2004-03-15 09:00:00,2004-03-15 09:00:00,1,3.7850834384745404,14.8,54.3,Item for investigation; not evidence of device failure
PT08.S3(NOx),NOx(GT),Sensor point reading,2004-03-19 05:00:00,2004-03-19 05:00:00,1,4.144116954411284,12.5,66.8,Item for investigation; not evidence of device failure
PT08.S4(NO2),NO2(GT),Sensor point reading,2004-03-19 09:00:00,2004-03-19 09:00:00,1,4.036877530598726,13.6,58.8,Item for investigation; not evidence of device failure
PT08.S1(CO),CO(GT),Sensor point reading,2004-03-21 20:00:00,2004-03-21 20:00:00,1,3.68862134088763,17.9,46.9,Item for investigation; not evidence of device failure
PT08.S3(NOx),NOx(GT),Sensor point reading,2004-03-22 02:00:00,2004-03-22 06:00:00,5,7.519660494164745,16.440000000000005,54.94000000000001,Item for investigation; not evidence of device failure
PT08.S2(NMHC),NMHC(GT),Reference point reading,2004-03-25 19:00:00,2004-03-25 20:00:00,2,5.3597926422693725,13.0,50.15,Item for investigation; not evidence of device failure
PT08.S2(NMHC),NMHC(GT),Reference point reading,2004-03-26 09:00:00,2004-03-26 09:00:00,1,4.273314743259251,11.2,57.0,Item for investigation; not evidence of device failure
PT08.S5(O3),,Sensor point reading,2004-03-26 09:00:00,2004-03-26 10:00:00,2,4.573117976555972,13.0,50.55,Item for investigation; not evidence of device failure
PT08.S5(O3),,Sensor point reading,2004-03-27 19:00:00,2004-03-27 20:00:00,2,4.175630293864974,14.149999999999999,42.5,Item for investigation; not evidence of device failure
PT08.S1(CO),CO(GT),Reference point reading,2004-03-28 05:00:00,2004-03-28 05:00:00,1,3.5073519492782936,9.6,58.5,Item for investigation; not evidence of device failure
PT08.S3(NOx),NOx(GT),Sensor point reading,2004-03-28 05:00:00,2004-03-28 06:00:00,2,4.83597148303974,8.65,62.45,Item for investigation; not evidence of device failure
PT08.S1(CO),CO(GT),Reference point reading,2004-03-29 08:00:00,2004-03-29 08:00:00,1,3.777148253068933,10.9,44.1,Item for investigation; not evidence of device failure
PT08.S2(NMHC),NMHC(GT),Reference point reading,2004-03-29 08:00:00,2004-03-29 08:00:00,1,8.272056484146923,10.9,44.1,Item for investigation; not evidence of device failure
PT08.S4(NO2),NO2(GT),Sensor point reading,2004-03-29 08:00:00,2004-03-29 08:00:00,1,4.3744429603048545,10.9,44.1,Item for investigation; not evidence of device failure
PT08.S5(O3),,Sensor point reading,2004-03-29 08:00:00,2004-03-29 08:00:00,1,4.681603184871013,10.9,44.1,Item for investigation; not evidence of device failure
PT08.S1(CO),CO(GT),Sensor point reading,2004-03-30 07:00:00,2004-03-30 11:00:00,5,9.15808564533777,15.540000000000001,31.52,Item for investigation; not evidence of device failure
PT08.S5(O3),,Sensor point reading,2004-03-30 07:00:00,2004-03-30 11:00:00,5,7.516266707997165,15.540000000000001,31.52,Item for investigation; not evidence of device failure
PT08.S2(NMHC),NMHC(GT),Reference point reading,2004-03-30 08:00:00,2004-03-30 11:00:00,4,7.359884463700494,16.45,29.800000000000004,Item for investigation; not evidence of device failure
PT08.S2(NMHC),NMHC(GT),Sensor point reading,2004-03-30 08:00:00,2004-03-30 08:00:00,1,4.219008526113805,13.3,35.6,Item for investigation; not evidence of device failure
PT08.S4(NO2),NO2(GT),Sensor point reading,2004-03-30 08:00:00,2004-03-30 08:00:00,1,4.181232309877537,13.3,35.6,Item for investigation; not evidence of device failure
PT08.S1(CO),CO(GT),Reference point reading,2004-04-01 08:00:00,2004-04-01 08:00:00,1,4.306364079735184,11.9,60.9,Item for investigation; not evidence of device failure
PT08.S2(NMHC),NMHC(GT),Reference point reading,2004-04-01 08:00:00,2004-04-01 09:00:00,2,6.4872369675501735,14.05,54.75,Item for investigation; not evidence of device failure
PT08.S2(NMHC),NMHC(GT),Sensor point reading,2004-04-01 08:00:00,2004-04-01 08:00:00,1,3.7381415585449855,11.9,60.9,Item for investigation; not evidence of device failure
PT08.S4(NO2),NO2(GT),Sensor point reading,2004-04-01 08:00:00,2004-04-01 08:00:00,1,3.773206423955109,11.9,60.9,Item for investigation; not evidence of device failure
PT08.S5(O3),,Sensor point reading,2004-04-01 08:00:00,2004-04-01 09:00:00,2,6.314969040479701,14.05,54.75,Item for investigation; not evidence of device failure
PT08.S2(NMHC),NMHC(GT),Reference point reading,2004-04-01 18:00:00,2004-04-01 20:00:00,3,5.750033724537975,20.633333333333336,36.56666666666667,Item for investigation; not evidence of device failure
PT08.S1(CO),CO(GT),Reference point reading,2004-04-01 19:00:00,2004-04-01 20:00:00,2,4.271774810018437,19.55,38.8,Item for investigation; not evidence of device failure
PT08.S2(NMHC),NMHC(GT),Reference point reading,2004-04-02 09:00:00,2004-04-02 09:00:00,1,3.566848514088021,13.6,65.3,Item for investigation; not evidence of device failure
PT08.S3(NOx),NOx(GT),Sensor point reading,2004-04-05 04:00:00,2004-04-05 04:00:00,1,3.731970098424746,16.0,54.0,Item for investigation; not evidence of device failure
PT08.S2(NMHC),NMHC(GT),Sensor point reading,2004-04-05 08:00:00,2004-04-05 08:00:00,1,3.6377748070349067,14.5,58.8,Item for investigation; not evidence of device failure
PT08.S4(NO2),NO2(GT),Sensor point reading,2004-04-05 08:00:00,2004-04-05 08:00:00,1,5.38480809626095,14.5,58.8,Item for investigation; not evidence of device failure
PT08.S3(NOx),NOx(GT),Sensor point reading,2004-04-06 02:00:00,2004-04-06 02:00:00,1,3.6397048530246456,15.0,59.2,Item for investigation; not evidence of device failure
PT08.S3(NOx),NOx(GT),Sensor point reading,2004-04-07 03:00:00,2004-04-07 05:00:00,3,4.618587434572005,15.700000000000001,45.96666666666667,Item for investigation; not evidence of device failure
PT08.S2(NMHC),NMHC(GT),Reference point reading,2004-04-08 08:00:00,2004-04-08 09:00:00,2,9.169067453082825,11.45,59.25,Item for investigation; not evidence of device failure
PT08.S2(NMHC),NMHC(GT),Sensor point reading,2004-04-08 08:00:00,2004-04-08 08:00:00,1,3.857720904879712,9.9,64.3,Item for investigation; not evidence of device failure
PT08.S4(NO2),NO2(GT),Sensor point reading,2004-04-08 08:00:00,2004-04-08 08:00:00,1,4.862373683987992,9.9,64.3,Item for investigation; not evidence of device failure
PT08.S5(O3),,Sensor point reading,2004-04-08 08:00:00,2004-04-08 09:00:00,2,6.799369581555988,11.45,59.25,Item for investigation; not evidence of device failure
PT08.S4(NO2),NO2(GT),Sensor point reading,2004-04-11 14:00:00,2004-04-11 14:00:00,1,4.647518520777087,22.2,18.9,Item for investigation; not evidence of device failure
PT08.S2(NMHC),NMHC(GT),Sensor point reading,2004-04-12 01:00:00,2004-04-12 01:00:00,1,3.63539087311114,14.1,34.0,Item for investigation; not evidence of device failure
PT08.S3(NOx),NOx(GT),Sensor point reading,2004-04-12 01:00:00,2004-04-12 01:00:00,1,4.788884392283826,14.1,34.0,Item for investigation; not evidence of device failure
PT08.S3(NOx),NOx(GT),Sensor point reading,2004-04-12 04:00:00,2004-04-12 05:00:00,2,4.512382624802485,13.7,34.4,Item for investigation; not evidence of device failure
PT08.S2(NMHC),NMHC(GT),Reference point reading,2004-04-13 06:00:00,2004-04-13 09:00:00,4,24.404302024698627,11.45,60.75,Item for investigation; not evidence of device failure
PT08.S1(CO),CO(GT),Reference point reading,2004-04-13 07:00:00,2004-04-13 08:00:00,2,8.093889113719143,11.5,61.150000000000006,Item for investigation; not evidence of device failure
PT08.S1(CO),CO(GT),Sensor point reading,2004-04-13 07:00:00,2004-04-13 08:00:00,2,5.477682531506894,11.5,61.150000000000006,Item for investigation; not evidence of device failure
PT08.S2(NMHC),NMHC(GT),Sensor point reading,2004-04-13 07:00:00,2004-04-13 09:00:00,3,8.122469230646116,11.933333333333332,58.1,Item for investigation; not evidence of device failure
PT08.S3(NOx),NOx(GT),Sensor point reading,2004-04-13 07:00:00,2004-04-13 08:00:00,2,3.79747537184768,11.5,61.150000000000006,Item for investigation; not evidence of device failure
PT08.S4(NO2),NO2(GT),Sensor point reading,2004-04-13 07:00:00,2004-04-13 08:00:00,2,7.944616568589076,11.5,61.150000000000006,Item for investigation; not evidence of device failure
PT08.S5(O3),,Sensor point reading,2004-04-13 07:00:00,2004-04-13 09:00:00,3,7.325195734203916,11.933333333333332,58.1,Item for investigation; not evidence of device failure
PT08.S2(NMHC),NMHC(GT),Reference point reading,2004-04-13 17:00:00,2004-04-13 19:00:00,3,4.217551043080122,15.366666666666667,45.53333333333333,Item for investigation; not evidence of device failure
PT08.S2(NMHC),NMHC(GT),Reference point reading,2004-04-14 08:00:00,2004-04-14 09:00:00,2,6.079233707962254,14.55,51.2,Item for investigation; not evidence of device failure
PT08.S4(NO2),NO2(GT),Sensor point reading,2004-04-14 08:00:00,2004-04-14 08:00:00,1,4.1210062873119035,13.3,55.6,Item for investigation; not evidence of device failure
PT08.S3(NOx),NOx(GT),Sensor point reading,2004-04-15 04:00:00,2004-04-15 04:00:00,1,4.043278846210242,10.5,61.3,Item for investigation; not evidence of device failure
PT08.S4(NO2),NO2(GT),Sensor point reading,2004-04-19 07:00:00,2004-04-19 08:00:00,2,3.9131170252173897,15.95,61.05,Item for investigation; not evidence of device failure
PT08.S3(NOx),NOx(GT),Sensor point reading,2004-04-20 03:00:00,2004-04-20 03:00:00,1,3.5376904894635874,9.7,78.9,Item for investigation; not evidence of device failure
PT08.S1(CO),CO(GT),Sensor point reading,2004-04-20 08:00:00,2004-04-20 08:00:00,1,4.336012025206683,12.3,69.2,Item for investigation; not evidence of device failure
PT08.S4(NO2),NO2(GT),Sensor point reading,2004-04-20 08:00:00,2004-04-20 08:00:00,1,5.040024568684686,12.3,69.2,Item for investigation; not evidence of device failure
PT08.S5(O3),,Sensor point reading,2004-04-20 08:00:00,2004-04-20 08:00:00,1,4.772022123296911,12.3,69.2,Item for investigation; not evidence of device failure
PT08.S3(NOx),NOx(GT),Sensor point reading,2004-04-25 05:00:00,2004-04-25 05:00:00,1,3.7455763451785393,12.5,50.9,Item for investigation; not evidence of device failure
PT08.S2(NMHC),NMHC(GT),Reference point reading,2004-04-25 19:00:00,2004-04-25 20:00:00,2,7.497827512321221,17.200000000000003,32.15,Item for investigation; not evidence of device failure
PT08.S5(O3),,Sensor point reading,2004-04-25 19:00:00,2004-04-25 20:00:00,2,5.19153493657743,17.200000000000003,32.15,Item for investigation; not evidence of device failure
PT08.S2(NMHC),NMHC(GT),Reference point reading,2004-04-25 22:00:00,2004-04-25 23:00:00,2,7.763526292751015,14.65,40.75,Item for investigation; not evidence of device failure
PT08.S2(NMHC),NMHC(GT),Sensor point reading,2004-04-25 22:00:00,2004-04-25 22:00:00,1,3.64660165446056,14.8,39.5,Item for investigation; not evidence of device failure
PT08.S5(O3),,Sensor point reading,2004-04-25 22:00:00,2004-04-25 22:00:00,1,5.334608734042162,14.8,39.5,Item for investigation; not evidence of device failure
PT08.S2(NMHC),NMHC(GT),Reference point reading,2004-04-26 08:00:00,2004-04-26 08:00:00,1,3.8221143037007064,15.0,41.7,Item for investigation; not evidence of device failure
PT08.S2(NMHC),NMHC(GT),Reference point reading,2004-04-26 18:00:00,2004-04-26 18:00:00,1,3.672908772058914,18.3,35.9,Item for investigation; not evidence of device failure
PT08.S1(CO),CO(GT),Sensor point reading,2004-04-27 07:00:00,2004-04-27 08:00:00,2,6.355331035413092,17.0,44.4,Item for investigation; not evidence of device failure
PT08.S2(NMHC),NMHC(GT),Reference point reading,2004-04-27 07:00:00,2004-04-27 08:00:00,2,7.778637997876822,17.0,44.4,Item for investigation; not evidence of device failure
PT08.S4(NO2),NO2(GT),Sensor point reading,2004-04-27 07:00:00,2004-04-27 08:00:00,2,6.616433164389457,17.0,44.4,Item for investigation; not evidence of device failure
PT08.S5(O3),,Sensor point reading,2004-04-27 07:00:00,2004-04-27 08:00:00,2,4.933687653234395,17.0,44.4,Item for investigation; not evidence of device failure
PT08.S1(CO),CO(GT),Sensor point reading,2004-04-28 07:00:00,2004-04-28 07:00:00,1,4.101632996817132,15.0,58.3,Item for investigation; not evidence of device failure
PT08.S2(NMHC),NMHC(GT),Reference point reading,2004-04-28 07:00:00,2004-04-28 07:00:00,1,4.1495844550407925,15.0,58.3,Item for investigation; not evidence of device failure
PT08.S4(NO2),NO2(GT),Sensor point reading,2004-04-28 07:00:00,2004-04-28 07:00:00,1,4.7272001946222915,15.0,58.3,Item for investigation; not evidence of device failure
PT08.S5(O3),,Sensor point reading,2004-04-28 07:00:00,2004-04-28 09:00:00,3,5.246039240373518,16.8,53.166666666666664,Item for investigation; not evidence of device failure
PT08.S1(CO),CO(GT),Sensor point reading,2004-05-01 03:00:00,2004-05-01 06:00:00,4,5.027139761278796,16.325,69.25,Item for investigation; not evidence of device failure
PT08.S3(NOx),NOx(GT),Sensor point reading,2004-05-01 03:00:00,2004-05-01 06:00:00,4,7.134304321886461,16.325,69.25,Item for investigation; not evidence of device failure
PT08.S5(O3),,Sensor point reading,2004-05-01 04:00:00,2004-05-01 06:00:00,3,5.011799051357481,16.53333333333333,67.96666666666667,Item for investigation; not evidence of device failure
PT08.S2(NMHC),NMHC(GT),Sensor point reading,2004-05-01 05:00:00,2004-05-01 06:00:00,2,3.946329913180742,16.7,67.0,Item for investigation; not evidence of device failure
PT08.S3(NOx),NOx(GT),Sensor point reading,2004-05-02 05:00:00,2004-05-02 05:00:00,1,4.1218879745791925,14.7,65.2,Item for investigation; not evidence of device failure
PT08.S4(NO2),NO2(GT),Sensor point reading,2004-05-03 07:00:00,2004-05-03 08:00:00,2,5.584913824844851,16.85,64.3,Item for investigation; not evidence of device failure
PT08.S1(CO),CO(GT),Sensor point reading,2004-05-03 08:00:00,2004-05-03 08:00:00,1,3.7317302823303082,16.9,66.1,Item for investigation; not evidence of device failure
PT08.S2(NMHC),NMHC(GT),Sensor point reading,2004-05-03 08:00:00,2004-05-03 08:00:00,1,3.85605094568695,16.9,66.1,Item for investigation; not evidence of device failure
PT08.S4(NO2),NO2(GT),Sensor point reading,2004-05-04 07:00:00,2004-05-04 07:00:00,1,3.54771517582965,16.6,78.0,Item for investigation; not evidence of device failure
PT08.S3(NOx),NOx(GT),Sensor point reading,2004-05-08 02:00:00,2004-05-08 05:00:00,4,5.40932655447786,11.799999999999999,64.425,Item for investigation; not evidence of device failure
PT08.S3(NOx),NOx(GT),Sensor point reading,2004-05-10 03:00:00,2004-05-10 03:00:00,1,3.6023938290227244,13.8,63.2,Item for investigation; not evidence of device failure
PT08.S1(CO),CO(GT),Sensor point reading,2004-05-10 07:00:00,2004-05-10 08:00:00,2,5.071820126453878,15.35,59.8,Item for investigation; not evidence of device failure
PT08.S2(NMHC),NMHC(GT),Sensor point reading,2004-05-10 07:00:00,2004-05-10 08:00:00,2,4.514694853661348,15.35,59.8,Item for investigation; not evidence of device failure
PT08.S4(NO2),NO2(GT),Sensor point reading,2004-05-10 07:00:00,2004-05-10 09:00:00,3,7.482840554391337,16.166666666666668,56.9,Item for investigation; not evidence of device failure
PT08.S5(O3),,Sensor point reading,2004-05-10 07:00:00,2004-05-10 08:00:00,2,5.134916241685803,15.35,59.8,Item for investigation; not evidence of device failure
PT08.S1(CO),CO(GT),Sensor point reading,2004-05-10 18:00:00,2004-05-10 19:00:00,2,4.83123613764631,20.1,41.75,Item for investigation; not evidence of device failure
PT08.S3(NOx),NOx(GT),Sensor point reading,2004-05-11 02:00:00,2004-05-11 04:00:00,3,4.1587772216432555,12.833333333333334,66.13333333333334,Item for investigation; not evidence of device failure
PT08.S5(O3),,Sensor point reading,2004-05-11 08:00:00,2004-05-11 09:00:00,2,3.9101921348351065,16.0,54.8,Item for investigation; not evidence of device failure
PT08.S3(NOx),NOx(GT),Sensor point reading,2004-05-15 05:00:00,2004-05-15 05:00:00,1,3.5953787094133762,15.7,46.9,Item for investigation; not evidence of device failure
PT08.S2(NMHC),NMHC(GT),Sensor point reading,2004-05-18 03:00:00,2004-05-18 03:00:00,1,3.5109254102556546,21.2,32.9,Item for investigation; not evidence of device failure
PT08.S3(NOx),NOx(GT),Sensor point reading,2004-05-18 03:00:00,2004-05-18 03:00:00,1,4.275315443926449,21.2,32.9,Item for investigation; not evidence of device failure
PT08.S1(CO),CO(GT),Sensor point reading,2004-05-18 07:00:00,2004-05-18 08:00:00,2,8.897412888052129,17.950000000000003,43.1,Item for investigation; not evidence of device failure
PT08.S3(NOx),NOx(GT),Sensor point reading,2004-05-18 07:00:00,2004-05-18 08:00:00,2,4.438992310805342,17.950000000000003,43.1,Item for investigation; not evidence of device failure
PT08.S4(NO2),NO2(GT),Sensor point reading,2004-05-18 07:00:00,2004-05-18 08:00:00,2,11.048801012378512,17.950000000000003,43.1,Item for investigation; not evidence of device failure
PT08.S5(O3),,Sensor point reading,2004-05-18 07:00:00,2004-05-18 09:00:00,3,7.327941980076229,18.733333333333334,41.43333333333334,Item for investigation; not evidence of device failure
PT08.S2(NMHC),NMHC(GT),Sensor point reading,2004-05-18 08:00:00,2004-05-18 08:00:00,1,4.91288465854568,18.8,39.7,Item for investigation; not evidence of device failure
PT08.S4(NO2),NO2(GT),Sensor point reading,2004-05-19 08:00:00,2004-05-19 08:00:00,1,4.427426523743804,18.6,46.8,Item for investigation; not evidence of device failure
PT08.S1(CO),CO(GT),Sensor point reading,2004-05-22 04:00:00,2004-05-22 05:00:00,2,3.8495326272566657,16.35,51.8,Item for investigation; not evidence of device failure
PT08.S2(NMHC),NMHC(GT),Sensor point reading,2004-05-23 05:00:00,2004-05-23 06:00:00,2,3.65281441427385,17.799999999999997,54.2,Item for investigation; not evidence of device failure
PT08.S3(NOx),NOx(GT),Sensor point reading,2004-05-23 05:00:00,2004-05-23 06:00:00,2,4.820625133906254,17.799999999999997,54.2,Item for investigation; not evidence of device failure
PT08.S3(NOx),NOx(GT),Sensor point reading,2004-05-24 03:00:00,2004-05-24 05:00:00,3,5.199065136443995,16.033333333333335,39.93333333333333,Item for investigation; not evidence of device failure
PT08.S3(NOx),NOx(GT),Sensor point reading,2004-05-25 02:00:00,2004-05-25 02:00:00,1,3.9697127905072893,17.5,29.1,Item for investigation; not evidence of device failure
PT08.S3(NOx),NOx(GT),Sensor point reading,2004-05-25 04:00:00,2004-05-25 04:00:00,1,4.350722837845213,14.0,33.7,Item for investigation; not evidence of device failure
PT08.S1(CO),CO(GT),Sensor point reading,2004-05-25 08:00:00,2004-05-25 08:00:00,1,7.495550536764098,16.3,27.5,Item for investigation; not evidence of device failure
PT08.S2(NMHC),NMHC(GT),Sensor point reading,2004-05-25 08:00:00,2004-05-25 08:00:00,1,4.309470900368426,16.3,27.5,Item for investigation; not evidence of device failure
PT08.S3(NOx),NOx(GT),Sensor point reading,2004-05-25 08:00:00,2004-05-25 08:00:00,1,4.937684262122556,16.3,27.5,Item for investigation; not evidence of device failure
PT08.S4(NO2),NO2(GT),Sensor point reading,2004-05-25 08:00:00,2004-05-25 08:00:00,1,7.147126855004289,16.3,27.5,Item for investigation; not evidence of device failure
PT08.S5(O3),,Sensor point reading,2004-05-25 08:00:00,2004-05-25 11:00:00,4,5.8767169248755655,22.175,17.6,Item for investigation; not evidence of device failure
PT08.S1(CO),CO(GT),Sensor point reading,2004-05-27 08:00:00,2004-05-27 08:00:00,1,4.608075524827495,19.0,41.6,Item for investigation; not evidence of device failure
PT08.S4(NO2),NO2(GT),Sensor point reading,2004-05-27 08:00:00,2004-05-27 09:00:00,2,6.317612401589679,20.4,38.3,Item for investigation; not evidence of device failure
PT08.S3(NOx),NOx(GT),Sensor point reading,2004-05-29 05:00:00,2004-05-29 06:00:00,2,4.926715112698608,17.799999999999997,47.900000000000006,Item for investigation; not evidence of device failure
PT08.S1(CO),CO(GT),Sensor point reading,2004-05-29 23:00:00,2004-05-30 00:00:00,2,4.769613227727351,18.75,38.8,Item for investigation; not evidence of device failure
PT08.S2(NMHC),NMHC(GT),Sensor point reading,2004-05-29 23:00:00,2004-05-30 00:00:00,2,4.804026021578199,18.75,38.8,Item for investigation; not evidence of device failure
PT08.S4(NO2),NO2(GT),Sensor point reading,2004-05-29 23:00:00,2004-05-29 23:00:00,1,3.8798688641451853,19.0,38.2,Item for investigation; not evidence of device failure
PT08.S5(O3),,Sensor point reading,2004-05-29 23:00:00,2004-05-30 01:00:00,3,5.219010466769721,18.433333333333334,39.766666666666666,Item for investigation; not evidence of device failure
PT08.S4(NO2),NO2(GT),Sensor point reading,2004-05-31 07:00:00,2004-05-31 09:00:00,3,5.833026232792007,19.2,46.833333333333336,Item for investigation; not evidence of device failure
PT08.S5(O3),,Sensor point reading,2004-05-31 07:00:00,2004-05-31 09:00:00,3,5.027454272024621,19.2,46.833333333333336,Item for investigation; not evidence of device failure
PT08.S1(CO),CO(GT),Sensor point reading,2004-05-31 08:00:00,2004-05-31 08:00:00,1,3.7445866301976496,19.3,46.0,Item for investigation; not evidence of device failure
PT08.S2(NMHC),NMHC(GT),Sensor point reading,2004-05-31 08:00:00,2004-05-31 08:00:00,1,3.9314067878751544,19.3,46.0,Item for investigation; not evidence of device failure
PT08.S3(NOx),NOx(GT),Sensor point reading,2004-06-01 03:00:00,2004-06-01 03:00:00,1,3.65520974895395,17.3,77.2,Item for investigation; not evidence of device failure
PT08.S3(NOx),NOx(GT),Sensor point reading,2004-06-03 03:00:00,2004-06-03 04:00:00,2,6.154031392249265,18.35,64.55,Item for investigation; not evidence of device failure
PT08.S2(NMHC),NMHC(GT),Sensor point reading,2004-06-03 07:00:00,2004-06-03 09:00:00,3,5.758021115110724,20.533333333333335,55.0,Item for investigation; not evidence of device failure
PT08.S4(NO2),NO2(GT),Sensor point reading,2004-06-03 07:00:00,2004-06-03 08:00:00,2,4.108729969941397,19.5,59.55,Item for investigation; not evidence of device failure
PT08.S5(O3),,Sensor point reading,2004-06-03 09:00:00,2004-06-03 10:00:00,2,6.60459382363396,24.950000000000003,40.099999999999994,Item for investigation; not evidence of device failure
PT08.S3(NOx),NOx(GT),Sensor point reading,2004-06-04 05:00:00,2004-06-04 05:00:00,1,4.9317177295847525,19.2,51.1,Item for investigation; not evidence of device failure
PT08.S4(NO2),NO2(GT),Sensor point reading,2004-06-07 07:00:00,2004-06-07 09:00:00,3,7.554296506137867,21.7,44.53333333333333,Item for investigation; not evidence of device failure
PT08.S5(O3),,Sensor point reading,2004-06-07 07:00:00,2004-06-07 08:00:00,2,5.209859659405424,20.799999999999997,46.8,Item for investigation; not evidence of device failure
PT08.S1(CO),CO(GT),Sensor point reading,2004-06-07 08:00:00,2004-06-07 08:00:00,1,4.1548630783758265,21.7,44.2,Item for investigation; not evidence of device failure
PT08.S2(NMHC),NMHC(GT),Sensor point reading,2004-06-07 08:00:00,2004-06-07 08:00:00,1,4.669300764879038,21.7,44.2,Item for investigation; not evidence of device failure
PT08.S3(NOx),NOx(GT),Sensor point reading,2004-06-08 02:00:00,2004-06-08 05:00:00,4,6.075488194383166,20.5,54.25,Item for investigation; not evidence of device failure
PT08.S1(CO),CO(GT),Sensor point reading,2004-06-08 08:00:00,2004-06-08 08:00:00,1,3.8064284720849715,21.6,51.7,Item for investigation; not evidence of device failure
PT08.S4(NO2),NO2(GT),Sensor point reading,2004-06-08 08:00:00,2004-06-08 08:00:00,1,5.636603395273574,21.6,51.7,Item for investigation; not evidence of device failure
PT08.S5(O3),,Sensor point reading,2004-06-08 08:00:00,2004-06-08 08:00:00,1,3.5223406328222193,21.6,51.7,Item for investigation; not evidence of device failure
PT08.S3(NOx),NOx(GT),Sensor point reading,2004-06-13 05:00:00,2004-06-13 08:00:00,4,5.972053599532353,21.700000000000003,48.425,Item for investigation; not evidence of device failure
PT08.S3(NOx),NOx(GT),Sensor point reading,2004-06-14 02:00:00,2004-06-14 04:00:00,3,4.933194043148586,19.2,48.666666666666664,Item for investigation; not evidence of device failure
PT08.S4(NO2),NO2(GT),Sensor point reading,2004-06-14 07:00:00,2004-06-14 08:00:00,2,4.897389427503974,21.3,45.35,Item for investigation; not evidence of device failure
PT08.S5(O3),,Sensor point reading,2004-06-14 07:00:00,2004-06-14 08:00:00,2,5.914765121563989,21.3,45.35,Item for investigation; not evidence of device failure
PT08.S1(CO),CO(GT),Sensor point reading,2004-06-14 08:00:00,2004-06-14 08:00:00,1,3.6991602590044517,21.5,44.5,Item for investigation; not evidence of device failure
PT08.S2(NMHC),NMHC(GT),Sensor point reading,2004-06-14 08:00:00,2004-06-14 08:00:00,1,3.6529942017670467,21.5,44.5,Item for investigation; not evidence of device failure
PT08.S4(NO2),NO2(GT),Sensor point reading,2004-06-14 10:00:00,2004-06-14 10:00:00,1,3.68862134088763,24.8,39.1,Item for investigation; not evidence of device failure
PT08.S5(O3),,Sensor point reading,2004-06-14 10:00:00,2004-06-14 10:00:00,1,3.762948447606268,24.8,39.1,Item for investigation; not evidence of device failure
PT08.S1(CO),CO(GT),Reference point reading,2004-06-15 07:00:00,2004-06-15 08:00:00,2,8.63348172130042,22.299999999999997,44.599999999999994,Item for investigation; not evidence of device failure
PT08.S1(CO),CO(GT),Sensor point reading,2004-06-15 07:00:00,2004-06-15 08:00:00,2,5.527891659188618,22.299999999999997,44.599999999999994,Item for investigation; not evidence of device failure
PT08.S2(NMHC),NMHC(GT),Sensor point reading,2004-06-15 07:00:00,2004-06-15 08:00:00,2,6.161954866932609,22.299999999999997,44.599999999999994,Item for investigation; not evidence of device failure
PT08.S3(NOx),NOx(GT),Sensor point reading,2004-06-15 07:00:00,2004-06-15 08:00:00,2,3.618902344114809,22.299999999999997,44.599999999999994,Item for investigation; not evidence of device failure
PT08.S4(NO2),NO2(GT),Sensor point reading,2004-06-15 07:00:00,2004-06-15 08:00:00,2,7.390898744687199,22.299999999999997,44.599999999999994,Item for investigation; not evidence of device failure
PT08.S5(O3),,Sensor point reading,2004-06-15 07:00:00,2004-06-15 08:00:00,2,7.680201447906831,22.299999999999997,44.599999999999994,Item for investigation; not evidence of device failure
PT08.S3(NOx),NOx(GT),Sensor point reading,2004-06-16 03:00:00,2004-06-16 05:00:00,3,3.9897843230056225,20.8,57.26666666666667,Item for investigation; not evidence of device failure
PT08.S1(CO),CO(GT),Reference point reading,2004-06-16 08:00:00,2004-06-16 08:00:00,1,3.7096991771212737,22.9,52.4,Item for investigation; not evidence of device failure
PT08.S1(CO),CO(GT),Sensor point reading,2004-06-16 08:00:00,2004-06-16 08:00:00,1,4.733064467361626,22.9,52.4,Item for investigation; not evidence of device failure
PT08.S4(NO2),NO2(GT),Sensor point reading,2004-06-16 08:00:00,2004-06-16 08:00:00,1,4.746187270812372,22.9,52.4,Item for investigation; not evidence of device failure
PT08.S5(O3),,Sensor point reading,2004-06-16 08:00:00,2004-06-16 08:00:00,1,3.7643008100312834,22.9,52.4,Item for investigation; not evidence of device failure
PT08.S3(NOx),NOx(GT),Sensor point reading,2004-06-17 04:00:00,2004-06-17 05:00:00,2,4.034568579621468,19.5,56.2,Item for investigation; not evidence of device failure
PT08.S4(NO2),NO2(GT),Sensor point reading,2004-06-17 07:00:00,2004-06-17 08:00:00,2,5.026459799921124,21.049999999999997,52.2,Item for investigation; not evidence of device failure
PT08.S3(NOx),NOx(GT),Sensor point reading,2004-06-17 08:00:00,2004-06-17 08:00:00,1,3.5205127445851554,21.9,49.9,Item for investigation; not evidence of device failure
PT08.S3(NOx),NOx(GT),Sensor point reading,2004-06-19 03:00:00,2004-06-19 03:00:00,1,3.5894638678232718,22.9,50.2,Item for investigation; not evidence of device failure
PT08.S3(NOx),NOx(GT),Sensor point reading,2004-06-19 05:00:00,2004-06-19 06:00:00,2,4.140786749482402,22.25,50.75,Item for investigation; not evidence of device failure
PT08.S1(CO),CO(GT),Reference point reading,2004-06-22 08:00:00,2004-06-22 08:00:00,1,3.579989415683466,20.6,47.7,Item for investigation; not evidence of device failure
PT08.S1(CO),CO(GT),Sensor point reading,2004-06-22 08:00:00,2004-06-22 08:00:00,1,4.060996447682,20.6,47.7,Item for investigation; not evidence of device failure
PT08.S2(NMHC),NMHC(GT),Sensor point reading,2004-06-22 08:00:00,2004-06-22 08:00:00,1,3.5982489872506775,20.6,47.7,Item for investigation; not evidence of device failure
PT08.S4(NO2),NO2(GT),Sensor point reading,2004-06-22 08:00:00,2004-06-22 08:00:00,1,4.416826586249962,20.6,47.7,Item for investigation; not evidence of device failure
PT08.S5(O3),,Sensor point reading,2004-06-22 08:00:00,2004-06-22 08:00:00,1,4.002860193495088,20.6,47.7,Item for investigation; not evidence of device failure
PT08.S1(CO),CO(GT),Reference point reading,2004-06-24 21:00:00,2004-06-24 21:00:00,1,3.9626332119249974,27.1,38.9,Item for investigation; not evidence of device failure
PT08.S4(NO2),NO2(GT),Sensor point reading,2004-06-24 21:00:00,2004-06-24 21:00:00,1,4.077955626260794,27.1,38.9,Item for investigation; not evidence of device failure
PT08.S1(CO),CO(GT),Reference point reading,2004-06-24 23:00:00,2004-06-24 23:00:00,1,4.468501281532443,24.6,45.3,Item for investigation; not evidence of device failure
PT08.S4(NO2),NO2(GT),Sensor point reading,2004-06-24 23:00:00,2004-06-24 23:00:00,1,3.597284050541841,24.6,45.3,Item for investigation; not evidence of device failure
PT08.S3(NOx),NOx(GT),Sensor point reading,2004-06-26 04:00:00,2004-06-26 05:00:00,2,4.007268629831536,20.35,40.9,Item for investigation; not evidence of device failure
PT08.S4(NO2),NO2(GT),Sensor point reading,2004-06-28 07:00:00,2004-06-28 08:00:00,2,5.766749999854007,24.55,45.2,Item for investigation; not evidence of device failure
PT08.S1(CO),CO(GT),Reference point reading,2004-06-28 08:00:00,2004-06-28 08:00:00,1,4.721435316336166,25.5,43.1,Item for investigation; not evidence of device failure
PT08.S2(NMHC),NMHC(GT),Sensor point reading,2004-06-28 08:00:00,2004-06-28 08:00:00,1,3.711001282834549,25.5,43.1,Item for investigation; not evidence of device failure
PT08.S5(O3),,Sensor point reading,2004-06-28 08:00:00,2004-06-28 09:00:00,2,4.222990887163211,27.0,39.95,Item for investigation; not evidence of device failure
PT08.S4(NO2),NO2(GT),Sensor point reading,2004-06-29 08:00:00,2004-06-29 08:00:00,1,4.371218960454088,27.1,43.1,Item for investigation; not evidence of device failure
PT08.S1(CO),CO(GT),Sensor point reading,2004-06-30 03:00:00,2004-06-30 04:00:00,2,4.406672961913755,26.85,51.849999999999994,Item for investigation; not evidence of device failure
PT08.S3(NOx),NOx(GT),Sensor point reading,2004-06-30 03:00:00,2004-06-30 04:00:00,2,5.6657223796034,26.85,51.849999999999994,Item for investigation; not evidence of device failure
PT08.S2(NMHC),NMHC(GT),Sensor point reading,2004-06-30 04:00:00,2004-06-30 04:00:00,1,4.030789089566719,26.9,51.8,Item for investigation; not evidence of device failure
PT08.S3(NOx),NOx(GT),Sensor point reading,2004-07-01 03:00:00,2004-07-01 04:00:00,2,4.789503191145731,25.6,52.7,Item for investigation; not evidence of device failure
PT08.S2(NMHC),NMHC(GT),Sensor point reading,2004-07-02 08:00:00,2004-07-02 08:00:00,1,3.7969862165829507,27.4,45.5,Item for investigation; not evidence of device failure
PT08.S4(NO2),NO2(GT),Sensor point reading,2004-07-02 08:00:00,2004-07-02 08:00:00,1,4.196193575977796,27.4,45.5,Item for investigation; not evidence of device failure
PT08.S3(NOx),NOx(GT),Sensor point reading,2004-07-03 04:00:00,2004-07-03 04:00:00,1,4.319466075840014,22.6,43.0,Item for investigation; not evidence of device failure
PT08.S2(NMHC),NMHC(GT),Sensor point reading,2004-07-05 08:00:00,2004-07-05 08:00:00,1,4.457913345191822,23.7,37.9,Item for investigation; not evidence of device failure
PT08.S4(NO2),NO2(GT),Sensor point reading,2004-07-05 08:00:00,2004-07-05 08:00:00,1,5.05714076283365,23.7,37.9,Item for investigation; not evidence of device failure
PT08.S5(O3),,Sensor point reading,2004-07-05 08:00:00,2004-07-05 08:00:00,1,3.723585751581086,23.7,37.9,Item for investigation; not evidence of device failure
PT08.S1(CO),CO(GT),Sensor point reading,2004-07-06 08:00:00,2004-07-06 08:00:00,1,4.865076866965441,24.9,43.3,Item for investigation; not evidence of device failure
PT08.S4(NO2),NO2(GT),Sensor point reading,2004-07-06 08:00:00,2004-07-06 08:00:00,1,5.24156500647981,24.9,43.3,Item for investigation; not evidence of device failure
PT08.S5(O3),,Sensor point reading,2004-07-06 18:00:00,2004-07-06 18:00:00,1,4.726456339359565,37.9,13.9,Item for investigation; not evidence of device failure
PT08.S2(NMHC),NMHC(GT),Sensor point reading,2004-07-09 03:00:00,2004-07-09 04:00:00,2,3.7987828623351634,27.6,42.95,Item for investigation; not evidence of device failure
PT08.S3(NOx),NOx(GT),Sensor point reading,2004-07-09 03:00:00,2004-07-09 05:00:00,3,4.982369697739521,27.26666666666667,42.9,Item for investigation; not evidence of device failure
PT08.S3(NOx),NOx(GT),Sensor point reading,2004-07-10 03:00:00,2004-07-10 05:00:00,3,5.719681640361528,22.133333333333336,50.699999999999996,Item for investigation; not evidence of device failure
PT08.S1(CO),CO(GT),Reference point reading,2004-07-11 22:00:00,2004-07-11 22:00:00,1,4.046944556859571,23.2,43.2,Item for investigation; not evidence of device failure
PT08.S5(O3),,Sensor point reading,2004-07-12 06:00:00,2004-07-12 08:00:00,3,6.504530568782272,19.8,53.79999999999999,Item for investigation; not evidence of device failure
PT08.S1(CO),CO(GT),Sensor point reading,2004-07-12 07:00:00,2004-07-12 07:00:00,1,3.534331579657359,19.6,54.3,Item for investigation; not evidence of device failure
PT08.S2(NMHC),NMHC(GT),Sensor point reading,2004-07-12 07:00:00,2004-07-12 07:00:00,1,3.5820928172202957,19.6,54.3,Item for investigation; not evidence of device failure
PT08.S4(NO2),NO2(GT),Sensor point reading,2004-07-12 07:00:00,2004-07-12 07:00:00,1,5.183943265691546,19.6,54.3,Item for investigation; not evidence of device failure
PT08.S3(NOx),NOx(GT),Sensor point reading,2004-07-13 03:00:00,2004-07-13 03:00:00,1,3.6942696499437044,18.8,51.1,Item for investigation; not evidence of device failure
PT08.S4(NO2),NO2(GT),Sensor point reading,2004-07-13 07:00:00,2004-07-13 08:00:00,2,6.391818472355385,18.25,51.55,Item for investigation; not evidence of device failure
PT08.S1(CO),CO(GT),Reference point reading,2004-07-13 08:00:00,2004-07-13 08:00:00,1,4.5865371644408475,19.2,48.8,Item for investigation; not evidence of device failure
PT08.S2(NMHC),NMHC(GT),Sensor point reading,2004-07-13 08:00:00,2004-07-13 08:00:00,1,3.88381190805593,19.2,48.8,Item for investigation; not evidence of device failure
PT08.S5(O3),,Sensor point reading,2004-07-13 08:00:00,2004-07-13 08:00:00,1,3.909501156815284,19.2,48.8,Item for investigation; not evidence of device failure
PT08.S1(CO),CO(GT),Sensor point reading,2004-07-19 07:00:00,2004-07-19 08:00:00,2,4.612646484162521,24.049999999999997,40.8,Item for investigation; not evidence of device failure
PT08.S2(NMHC),NMHC(GT),Sensor point reading,2004-07-19 07:00:00,2004-07-19 08:00:00,2,4.867064003041341,24.049999999999997,40.8,Item for investigation; not evidence of device failure
PT08.S4(NO2),NO2(GT),Sensor point reading,2004-07-19 07:00:00,2004-07-19 10:00:00,4,7.185920783654495,26.9,35.325,Item for investigation; not evidence of device failure
PT08.S5(O3),,Sensor point reading,2004-07-19 08:00:00,2004-07-19 08:00:00,1,3.6500850948443015,25.2,38.6,Item for investigation; not evidence of device failure
PT08.S4(NO2),NO2(GT),Sensor point reading,2004-07-20 08:00:00,2004-07-20 08:00:00,1,3.867080354332479,27.0,38.7,Item for investigation; not evidence of device failure
PT08.S5(O3),,Sensor point reading,2004-07-20 08:00:00,2004-07-20 08:00:00,1,4.0745687517869404,27.0,38.7,Item for investigation; not evidence of device failure
PT08.S3(NOx),NOx(GT),Sensor point reading,2004-07-21 03:00:00,2004-07-21 04:00:00,2,4.558137553515517,26.85,40.0,Item for investigation; not evidence of device failure
PT08.S4(NO2),NO2(GT),Sensor point reading,2004-07-21 08:00:00,2004-07-21 08:00:00,1,4.877087030061535,25.8,42.2,Item for investigation; not evidence of device failure
PT08.S5(O3),,Sensor point reading,2004-07-21 08:00:00,2004-07-21 08:00:00,1,3.53424043225743,25.8,42.2,Item for investigation; not evidence of device failure
PT08.S4(NO2),NO2(GT),Sensor point reading,2004-07-22 08:00:00,2004-07-22 08:00:00,1,3.577140299536278,26.4,46.3,Item for investigation; not evidence of device failure
PT08.S4(NO2),NO2(GT),Sensor point reading,2004-07-25 19:00:00,2004-07-25 19:00:00,1,4.0108111233161825,28.8,41.3,Item for investigation; not evidence of device failure
PT08.S5(O3),,Sensor point reading,2004-07-25 19:00:00,2004-07-26 00:00:00,6,5.693956876511723,27.63333333333333,43.85,Item for investigation; not evidence of device failure
PT08.S5(O3),,Sensor point reading,2004-07-26 06:00:00,2004-07-26 08:00:00,3,5.236500987209203,26.599999999999998,45.833333333333336,Item for investigation; not evidence of device failure
PT08.S4(NO2),NO2(GT),Sensor point reading,2004-07-26 07:00:00,2004-07-26 07:00:00,1,3.5532955227498895,26.5,46.3,Item for investigation; not evidence of device failure
PT08.S2(NMHC),NMHC(GT),Sensor point reading,2004-07-26 18:00:00,2004-07-26 18:00:00,1,4.208599366982061,33.0,28.2,Item for investigation; not evidence of device failure
PT08.S3(NOx),NOx(GT),Sensor point reading,2004-07-26 18:00:00,2004-07-26 18:00:00,1,6.762657351594283,33.0,28.2,Item for investigation; not evidence of device failure
PT08.S4(NO2),NO2(GT),Sensor point reading,2004-07-26 18:00:00,2004-07-26 18:00:00,1,4.208822339133954,33.0,28.2,Item for investigation; not evidence of device failure
PT08.S2(NMHC),NMHC(GT),Sensor point reading,2004-07-28 08:00:00,2004-07-28 09:00:00,2,5.3652674049274625,24.2,33.85,Item for investigation; not evidence of device failure
PT08.S3(NOx),NOx(GT),Sensor point reading,2004-07-28 08:00:00,2004-07-28 09:00:00,2,4.329989786282785,24.2,33.85,Item for investigation; not evidence of device failure
PT08.S4(NO2),NO2(GT),Sensor point reading,2004-07-28 08:00:00,2004-07-28 09:00:00,2,5.395926075812762,24.2,33.85,Item for investigation; not evidence of device failure
PT08.S5(O3),,Sensor point reading,2004-07-28 08:00:00,2004-07-28 09:00:00,2,5.3497767080591005,24.2,33.85,Item for investigation; not evidence of device failure
PT08.S4(NO2),NO2(GT),Sensor point reading,2004-07-29 08:00:00,2004-07-29 08:00:00,1,3.6358007871387783,24.0,36.6,Item for investigation; not evidence of device failure
PT08.S1(CO),CO(GT),Sensor point reading,2004-07-30 08:00:00,2004-07-30 08:00:00,1,3.861907268861567,24.4,49.3,Item for investigation; not evidence of device failure
PT08.S4(NO2),NO2(GT),Sensor point reading,2004-07-30 08:00:00,2004-07-30 09:00:00,2,4.420951281308678,25.6,47.95,Item for investigation; not evidence of device failure
PT08.S5(O3),,Sensor point reading,2004-07-30 08:00:00,2004-07-30 09:00:00,2,3.8704648957778813,25.6,47.95,Item for investigation; not evidence of device failure
PT08.S4(NO2),NO2(GT),Sensor point reading,2004-08-02 08:00:00,2004-08-02 08:00:00,1,3.6887221917787003,27.1,54.4,Item for investigation; not evidence of device failure
PT08.S2(NMHC),NMHC(GT),Sensor point reading,2004-08-03 03:00:00,2004-08-03 04:00:00,2,3.926499778381608,26.9,48.05,Item for investigation; not evidence of device failure
PT08.S3(NOx),NOx(GT),Sensor point reading,2004-08-03 03:00:00,2004-08-03 05:00:00,3,5.290882432943456,27.0,47.76666666666667,Item for investigation; not evidence of device failure
PT08.S4(NO2),NO2(GT),Sensor point reading,2004-08-03 07:00:00,2004-08-03 08:00:00,2,4.428178464389821,26.65,50.05,Item for investigation; not evidence of device failure
PT08.S5(O3),,Sensor point reading,2004-08-03 07:00:00,2004-08-03 09:00:00,3,4.543444699252064,27.46666666666667,48.53333333333333,Item for investigation; not evidence of device failure
PT08.S2(NMHC),NMHC(GT),Sensor point reading,2004-08-03 08:00:00,2004-08-03 08:00:00,1,3.5314409049738877,27.4,48.6,Item for investigation; not evidence of device failure
PT08.S1(CO),CO(GT),Sensor point reading,2004-08-04 04:00:00,2004-08-04 05:00:00,2,3.687704913225298,26.9,51.349999999999994,Item for investigation; not evidence of device failure
PT08.S3(NOx),NOx(GT),Sensor point reading,2004-08-04 04:00:00,2004-08-04 05:00:00,2,4.5865371644408475,26.9,51.349999999999994,Item for investigation; not evidence of device failure
PT08.S4(NO2),NO2(GT),Sensor point reading,2004-08-04 07:00:00,2004-08-04 08:00:00,2,6.10487986679546,27.25,50.2,Item for investigation; not evidence of device failure
PT08.S5(O3),,Sensor point reading,2004-08-04 07:00:00,2004-08-04 08:00:00,2,4.605143806081581,27.25,50.2,Item for investigation; not evidence of device failure
PT08.S1(CO),CO(GT),Sensor point reading,2004-08-04 08:00:00,2004-08-04 08:00:00,1,3.834333339198471,28.3,47.6,Item for investigation; not evidence of device failure
PT08.S2(NMHC),NMHC(GT),Sensor point reading,2004-08-04 08:00:00,2004-08-04 08:00:00,1,3.940221335423401,28.3,47.6,Item for investigation; not evidence of device failure
PT08.S4(NO2),NO2(GT),Sensor point reading,2004-08-05 07:00:00,2004-08-05 07:00:00,1,3.6053714697202173,24.3,58.0,Item for investigation; not evidence of device failure
PT08.S5(O3),,Sensor point reading,2004-08-05 07:00:00,2004-08-05 08:00:00,2,4.224259137959089,25.4,54.2,Item for investigation; not evidence of device failure
PT08.S4(NO2),NO2(GT),Sensor point reading,2004-08-06 08:00:00,2004-08-06 08:00:00,1,3.8704789511825552,22.5,74.9,Item for investigation; not evidence of device failure
PT08.S5(O3),,Sensor point reading,2004-08-06 08:00:00,2004-08-06 11:00:00,4,5.053647182944042,25.474999999999998,62.675000000000004,Item for investigation; not evidence of device failure
PT08.S4(NO2),NO2(GT),Sensor point reading,2004-08-09 07:00:00,2004-08-09 07:00:00,1,3.6149177958876346,24.3,63.3,Item for investigation; not evidence of device failure
PT08.S1(CO),CO(GT),Reference point reading,2004-08-10 08:00:00,2004-08-10 08:00:00,1,4.046944556859569,26.0,55.8,Item for investigation; not evidence of device failure
PT08.S3(NOx),NOx(GT),Sensor point reading,2004-08-13 03:00:00,2004-08-13 04:00:00,2,4.8929160178980124,25.7,62.900000000000006,Item for investigation; not evidence of device failure
PT08.S5(O3),,Sensor point reading,2004-08-14 08:00:00,2004-08-14 08:00:00,1,3.5245945701972454,25.0,53.2,Item for investigation; not evidence of device failure
PT08.S5(O3),,Sensor point reading,2004-08-15 22:00:00,2004-08-15 22:00:00,1,3.993180800669408,28.4,34.4,Item for investigation; not evidence of device failure
PT08.S4(NO2),NO2(GT),Sensor point reading,2004-08-17 08:00:00,2004-08-17 08:00:00,1,3.66590107585656,24.3,47.8,Item for investigation; not evidence of device failure
PT08.S5(O3),,Sensor point reading,2004-08-17 08:00:00,2004-08-17 09:00:00,2,3.669936621431605,25.8,44.25,Item for investigation; not evidence of device failure
PT08.S1(CO),CO(GT),Sustained sensor/reference divergence,2004-08-18 18:00:00,2004-08-22 02:00:00,81,2.711609475856465,29.70246913580247,41.80493827160494,Item for investigation; not evidence of device failure
PT08.S1(CO),CO(GT),Sensor point reading,2004-08-19 02:00:00,2004-08-19 04:00:00,3,4.24929178470255,28.266666666666666,50.333333333333336,Item for investigation; not evidence of device failure
PT08.S3(NOx),NOx(GT),Sensor point reading,2004-08-19 03:00:00,2004-08-19 04:00:00,2,4.068528261162823,28.25,50.75,Item for investigation; not evidence of device failure
PT08.S3(NOx),NOx(GT),Sensor point reading,2004-08-20 03:00:00,2004-08-20 04:00:00,2,7.560720227656691,28.7,48.55,Item for investigation; not evidence of device failure
PT08.S2(NMHC),NMHC(GT),Sensor point reading,2004-08-20 04:00:00,2004-08-20 04:00:00,1,3.926499778381608,28.9,48.4,Item for investigation; not evidence of device failure
PT08.S2(NMHC),NMHC(GT),Sensor point reading,2004-08-21 19:00:00,2004-08-21 19:00:00,1,3.669809938657604,25.4,36.2,Item for investigation; not evidence of device failure
PT08.S4(NO2),NO2(GT),Sensor point reading,2004-08-21 19:00:00,2004-08-21 19:00:00,1,4.0687023232943,25.4,36.2,Item for investigation; not evidence of device failure
PT08.S4(NO2),NO2(GT),Sensor point reading,2004-08-22 00:00:00,2004-08-22 00:00:00,1,4.373311053380505,22.8,49.8,Item for investigation; not evidence of device failure
PT08.S5(O3),,Sensor point reading,2004-08-22 13:00:00,2004-08-22 15:00:00,3,3.8060549999036444,35.0,14.866666666666665,Item for investigation; not evidence of device failure
PT08.S3(NOx),NOx(GT),Sensor point reading,2004-08-22 14:00:00,2004-08-22 14:00:00,1,3.526749069158668,33.3,17.1,Item for investigation; not evidence of device failure
PT08.S4(NO2),NO2(GT),Sensor point reading,2004-08-22 14:00:00,2004-08-22 15:00:00,2,3.909759995610094,34.95,14.450000000000001,Item for investigation; not evidence of device failure
PT08.S3(NOx),NOx(GT),Sensor point reading,2004-08-25 03:00:00,2004-08-25 03:00:00,1,6.122974556807014,24.5,50.9,Item for investigation; not evidence of device failure
PT08.S1(CO),CO(GT),Reference point reading,2004-08-25 08:00:00,2004-08-25 09:00:00,2,5.2610279239174425,27.25,49.099999999999994,Item for investigation; not evidence of device failure
PT08.S2(NMHC),NMHC(GT),Sensor point reading,2004-08-25 08:00:00,2004-08-25 08:00:00,1,3.8262021264854127,26.4,50.8,Item for investigation; not evidence of device failure
PT08.S3(NOx),NOx(GT),Sensor point reading,2004-08-25 08:00:00,2004-08-25 08:00:00,1,4.441127468241997,26.4,50.8,Item for investigation; not evidence of device failure
PT08.S4(NO2),NO2(GT),Sensor point reading,2004-08-25 08:00:00,2004-08-25 09:00:00,2,6.907715709122372,27.25,49.099999999999994,Item for investigation; not evidence of device failure
PT08.S5(O3),,Sensor point reading,2004-08-25 08:00:00,2004-08-25 09:00:00,2,3.910137468852526,27.25,49.099999999999994,Item for investigation; not evidence of device failure
PT08.S3(NOx),NOx(GT),Sensor point reading,2004-08-26 04:00:00,2004-08-26 04:00:00,1,4.115447524618913,23.0,47.7,Item for investigation; not evidence of device failure
PT08.S2(NMHC),NMHC(GT),Sensor point reading,2004-08-30 07:00:00,2004-08-30 07:00:00,1,3.5048880560929927,22.6,60.3,Item for investigation; not evidence of device failure
PT08.S4(NO2),NO2(GT),Sensor point reading,2004-08-30 07:00:00,2004-08-30 08:00:00,2,4.87730502966059,23.200000000000003,58.4,Item for investigation; not evidence of device failure
PT08.S3(NOx),NOx(GT),Sensor point reading,2004-08-31 03:00:00,2004-08-31 03:00:00,1,4.341680014782117,24.1,55.5,Item for investigation; not evidence of device failure
PT08.S4(NO2),NO2(GT),Sensor point reading,2004-08-31 08:00:00,2004-08-31 08:00:00,1,3.811200213741538,24.7,55.1,Item for investigation; not evidence of device failure
PT08.S2(NMHC),NMHC(GT),Sensor point reading,2004-09-01 08:00:00,2004-09-01 08:00:00,1,3.7918850259650605,23.2,54.0,Item for investigation; not evidence of device failure
PT08.S4(NO2),NO2(GT),Sensor point reading,2004-09-01 08:00:00,2004-09-01 08:00:00,1,4.792148057249035,23.2,54.0,Item for investigation; not evidence of device failure
PT08.S3(NOx),NOx(GT),Sensor point reading,2004-09-02 03:00:00,2004-09-02 03:00:00,1,3.72174365496907,22.7,51.3,Item for investigation; not evidence of device failure
PT08.S1(CO),CO(GT),Sensor point reading,2004-09-02 08:00:00,2004-09-02 08:00:00,1,3.7540735691921023,22.8,54.2,Item for investigation; not evidence of device failure
PT08.S4(NO2),NO2(GT),Sensor point reading,2004-09-02 08:00:00,2004-09-02 08:00:00,1,4.567868223776763,22.8,54.2,Item for investigation; not evidence of device failure
PT08.S4(NO2),NO2(GT),Sensor point reading,2004-09-03 08:00:00,2004-09-03 08:00:00,1,3.83578179629395,23.7,54.0,Item for investigation; not evidence of device failure
PT08.S1(CO),CO(GT),Reference point reading,2004-09-05 00:00:00,2004-09-05 00:00:00,1,5.995473417569736,28.0,29.1,Item for investigation; not evidence of device failure
PT08.S2(NMHC),NMHC(GT),Sensor point reading,2004-09-05 00:00:00,2004-09-05 00:00:00,1,5.197037774941458,28.0,29.1,Item for investigation; not evidence of device failure
PT08.S4(NO2),NO2(GT),Sensor point reading,2004-09-05 00:00:00,2004-09-05 00:00:00,1,3.731953948373039,28.0,29.1,Item for investigation; not evidence of device failure
PT08.S5(O3),,Sensor point reading,2004-09-05 00:00:00,2004-09-05 00:00:00,1,5.041474299149041,28.0,29.1,Item for investigation; not evidence of device failure
PT08.S5(O3),,Sensor point reading,2004-09-06 07:00:00,2004-09-06 07:00:00,1,3.8418159238228746,23.6,49.6,Item for investigation; not evidence of device failure
PT08.S1(CO),CO(GT),Sensor point reading,2004-09-06 18:00:00,2004-09-06 18:00:00,1,3.6667770378818543,29.6,27.7,Item for investigation; not evidence of device failure
PT08.S4(NO2),NO2(GT),Sensor point reading,2004-09-06 18:00:00,2004-09-06 19:00:00,2,4.027855195742309,28.8,28.9,Item for investigation; not evidence of device failure
PT08.S4(NO2),NO2(GT),Sensor point reading,2004-09-07 07:00:00,2004-09-07 08:00:00,2,6.432338706228018,24.75,44.05,Item for investigation; not evidence of device failure
PT08.S5(O3),,Sensor point reading,2004-09-07 07:00:00,2004-09-07 08:00:00,2,5.130947563161243,24.75,44.05,Item for investigation; not evidence of device failure
PT08.S1(CO),CO(GT),Reference point reading,2004-09-07 08:00:00,2004-09-07 08:00:00,1,4.721435316336167,25.8,41.9,Item for investigation; not evidence of device failure
PT08.S1(CO),CO(GT),Sensor point reading,2004-09-07 08:00:00,2004-09-07 08:00:00,1,4.07652748490679,25.8,41.9,Item for investigation; not evidence of device failure
PT08.S2(NMHC),NMHC(GT),Sensor point reading,2004-09-07 08:00:00,2004-09-07 08:00:00,1,4.769928116037098,25.8,41.9,Item for investigation; not evidence of device failure
PT08.S3(NOx),NOx(GT),Sensor point reading,2004-09-07 08:00:00,2004-09-07 08:00:00,1,3.7902799315720173,25.8,41.9,Item for investigation; not evidence of device failure
PT08.S3(NOx),NOx(GT),Sensor point reading,2004-09-11 04:00:00,2004-09-11 04:00:00,1,3.915793575850233,23.5,40.9,Item for investigation; not evidence of device failure
PT08.S2(NMHC),NMHC(GT),Sensor point reading,2004-09-12 22:00:00,2004-09-12 22:00:00,1,4.578996273962227,23.8,63.5,Item for investigation; not evidence of device failure
PT08.S4(NO2),NO2(GT),Sensor point reading,2004-09-12 22:00:00,2004-09-12 22:00:00,1,5.578523021748414,23.8,63.5,Item for investigation; not evidence of device failure
PT08.S5(O3),,Sensor point reading,2004-09-12 22:00:00,2004-09-12 22:00:00,1,3.947754739289484,23.8,63.5,Item for investigation; not evidence of device failure
PT08.S2(NMHC),NMHC(GT),Sensor point reading,2004-09-13 07:00:00,2004-09-13 08:00:00,2,5.344042171237639,21.1,64.25,Item for investigation; not evidence of device failure
PT08.S4(NO2),NO2(GT),Sensor point reading,2004-09-13 07:00:00,2004-09-13 08:00:00,2,4.546327138395127,21.1,64.25,Item for investigation; not evidence of device failure
PT08.S5(O3),,Sensor point reading,2004-09-13 07:00:00,2004-09-13 08:00:00,2,4.089769366985069,21.1,64.25,Item for investigation; not evidence of device failure
PT08.S3(NOx),NOx(GT),Sensor point reading,2004-09-17 03:00:00,2004-09-17 05:00:00,3,4.799691150308589,19.76666666666667,60.03333333333333,Item for investigation; not evidence of device failure
PT08.S2(NMHC),NMHC(GT),Sensor point reading,2004-09-18 19:00:00,2004-09-18 19:00:00,1,3.5507674464400067,25.3,35.3,Item for investigation; not evidence of device failure
PT08.S1(CO),CO(GT),Reference point reading,2004-09-19 17:00:00,2004-09-19 17:00:00,1,3.822114303700704,33.2,25.4,Item for investigation; not evidence of device failure
PT08.S2(NMHC),NMHC(GT),Sensor point reading,2004-09-19 17:00:00,2004-09-19 17:00:00,1,3.5009282277594704,33.2,25.4,Item for investigation; not evidence of device failure
PT08.S4(NO2),NO2(GT),Sensor point reading,2004-09-19 17:00:00,2004-09-19 17:00:00,1,3.850439374964815,33.2,25.4,Item for investigation; not evidence of device failure
PT08.S1(CO),CO(GT),Reference point reading,2004-09-19 19:00:00,2004-09-19 19:00:00,1,3.972001139139948,27.5,38.1,Item for investigation; not evidence of device failure
PT08.S4(NO2),NO2(GT),Sensor point reading,2004-09-20 08:00:00,2004-09-20 08:00:00,1,3.97519022074504,20.1,60.6,Item for investigation; not evidence of device failure
PT08.S3(NOx),NOx(GT),Sensor point reading,2004-09-24 03:00:00,2004-09-24 05:00:00,3,4.567033817178873,21.399999999999995,58.9,Item for investigation; not evidence of device failure
PT08.S5(O3),,Sensor point reading,2004-09-25 23:00:00,2004-09-25 23:00:00,1,3.9330305619257464,17.8,39.9,Item for investigation; not evidence of device failure
PT08.S1(CO),CO(GT),Reference point reading,2004-09-27 07:00:00,2004-09-27 08:00:00,2,7.33508700930797,15.95,54.0,Item for investigation; not evidence of device failure
PT08.S1(CO),CO(GT),Sensor point reading,2004-09-27 07:00:00,2004-09-27 07:00:00,1,3.8057630125618798,15.0,57.7,Item for investigation; not evidence of device failure
PT08.S2(NMHC),NMHC(GT),Sensor point reading,2004-09-27 07:00:00,2004-09-27 07:00:00,1,3.816493547371735,15.0,57.7,Item for investigation; not evidence of device failure
PT08.S4(NO2),NO2(GT),Sensor point reading,2004-09-27 07:00:00,2004-09-27 07:00:00,1,4.869410329894808,15.0,57.7,Item for investigation; not evidence of device failure
PT08.S2(NMHC),NMHC(GT),Sensor point reading,2004-09-27 17:00:00,2004-09-27 17:00:00,1,4.239656202424313,25.1,25.8,Item for investigation; not evidence of device failure
PT08.S4(NO2),NO2(GT),Sensor point reading,2004-09-27 17:00:00,2004-09-27 17:00:00,1,3.6381622783889074,25.1,25.8,Item for investigation; not evidence of device failure
PT08.S1(CO),CO(GT),Reference point reading,2004-09-27 18:00:00,2004-09-27 19:00:00,2,5.5083412023921925,21.55,30.85,Item for investigation; not evidence of device failure
PT08.S2(NMHC),NMHC(GT),Sensor point reading,2004-09-27 19:00:00,2004-09-27 19:00:00,1,4.073710063188008,20.8,32.5,Item for investigation; not evidence of device failure
PT08.S4(NO2),NO2(GT),Sensor point reading,2004-09-27 19:00:00,2004-09-27 19:00:00,1,4.261826568728221,20.8,32.5,Item for investigation; not evidence of device failure
PT08.S5(O3),,Sensor point reading,2004-09-28 10:00:00,2004-09-28 11:00:00,2,5.41019023084701,22.75,33.5,Item for investigation; not evidence of device failure
PT08.S3(NOx),NOx(GT),Sensor point reading,2004-10-03 05:00:00,2004-10-03 06:00:00,2,3.809623734080769,20.0,65.65,Item for investigation; not evidence of device failure
PT08.S4(NO2),NO2(GT),Sensor point reading,2004-10-03 19:00:00,2004-10-03 20:00:00,2,4.448549741891437,23.2,57.6,Item for investigation; not evidence of device failure
PT08.S4(NO2),NO2(GT),Sensor point reading,2004-10-04 09:00:00,2004-10-04 09:00:00,1,3.840381761769864,19.9,61.7,Item for investigation; not evidence of device failure
PT08.S3(NOx),NOx(GT),Sensor point reading,2004-10-06 03:00:00,2004-10-06 05:00:00,3,4.046944556859571,19.366666666666664,65.5,Item for investigation; not evidence of device failure
PT08.S3(NOx),NOx(GT),Sensor point reading,2004-10-10 04:00:00,2004-10-10 05:00:00,2,4.205970833484135,22.5,64.8,Item for investigation; not evidence of device failure
PT08.S1(CO),CO(GT),Sensor point reading,2004-10-11 02:00:00,2004-10-11 02:00:00,1,3.528651657472293,19.4,70.4,Item for investigation; not evidence of device failure
PT08.S3(NOx),NOx(GT),Sensor point reading,2004-10-11 02:00:00,2004-10-11 04:00:00,3,7.480715696013148,18.7,73.96666666666665,Item for investigation; not evidence of device failure
PT08.S4(NO2),NO2(GT),Sensor point reading,2004-10-11 02:00:00,2004-10-11 04:00:00,3,4.037829816866645,18.7,73.96666666666665,Item for investigation; not evidence of device failure
PT08.S2(NMHC),NMHC(GT),Sensor point reading,2004-10-11 07:00:00,2004-10-11 10:00:00,4,5.7025127846657595,19.675,69.8,Item for investigation; not evidence of device failure
PT08.S3(NOx),NOx(GT),Sensor point reading,2004-10-11 07:00:00,2004-10-11 09:00:00,3,4.613183712963379,19.833333333333332,68.6,Item for investigation; not evidence of device failure
PT08.S4(NO2),NO2(GT),Sensor point reading,2004-10-11 07:00:00,2004-10-11 09:00:00,3,7.306983227663115,19.833333333333332,68.6,Item for investigation; not evidence of device failure
PT08.S5(O3),,Sensor point reading,2004-10-11 07:00:00,2004-10-11 09:00:00,3,5.792237030533474,19.833333333333332,68.6,Item for investigation; not evidence of device failure
PT08.S1(CO),CO(GT),Reference point reading,2004-10-11 08:00:00,2004-10-11 09:00:00,2,5.877705189724615,19.95,67.75,Item for investigation; not evidence of device failure
PT08.S1(CO),CO(GT),Sensor point reading,2004-10-11 09:00:00,2004-10-11 09:00:00,1,4.074141764902982,19.7,68.9,Item for investigation; not evidence of device failure
PT08.S3(NOx),NOx(GT),Sensor point reading,2004-10-13 03:00:00,2004-10-13 04:00:00,2,3.8948037840453016,14.45,57.5,Item for investigation; not evidence of device failure
PT08.S2(NMHC),NMHC(GT),Sensor point reading,2004-10-18 08:00:00,2004-10-18 08:00:00,1,3.5610825691010066,14.4,65.8,Item for investigation; not evidence of device failure
PT08.S3(NOx),NOx(GT),Sensor point reading,2004-10-21 03:00:00,2004-10-21 06:00:00,4,5.7680589086274345,21.4,68.825,Item for investigation; not evidence of device failure
PT08.S2(NMHC),NMHC(GT),Sensor point reading,2004-10-24 19:00:00,2004-10-24 19:00:00,1,3.5480608590218528,21.7,62.9,Item for investigation; not evidence of device failure
PT08.S5(O3),,Sensor point reading,2004-10-24 19:00:00,2004-10-24 20:00:00,2,7.953370205494852,21.75,62.95,Item for investigation; not evidence of device failure
PT08.S2(NMHC),NMHC(GT),Sensor point reading,2004-10-25 08:00:00,2004-10-25 08:00:00,1,5.053862904935346,16.3,74.3,Item for investigation; not evidence of device failure
PT08.S4(NO2),NO2(GT),Sensor point reading,2004-10-25 08:00:00,2004-10-25 08:00:00,1,5.506584716039391,16.3,74.3,Item for investigation; not evidence of device failure
PT08.S3(NOx),NOx(GT),Sensor point reading,2004-10-31 04:00:00,2004-10-31 07:00:00,4,6.668369636243785,18.95,73.925,Item for investigation; not evidence of device failure
PT08.S2(NMHC),NMHC(GT),Sensor point reading,2004-10-31 18:00:00,2004-10-31 18:00:00,1,3.620051671114891,21.7,66.6,Item for investigation; not evidence of device failure
PT08.S4(NO2),NO2(GT),Sensor point reading,2004-10-31 18:00:00,2004-10-31 18:00:00,1,5.148373616217628,21.7,66.6,Item for investigation; not evidence of device failure
PT08.S5(O3),,Sensor point reading,2004-11-01 00:00:00,2004-11-01 01:00:00,2,3.9828345440776376,20.1,71.19999999999999,Item for investigation; not evidence of device failure
PT08.S3(NOx),NOx(GT),Sensor point reading,2004-11-02 02:00:00,2004-11-02 04:00:00,3,5.389903836888863,17.53333333333333,74.43333333333334,Item for investigation; not evidence of device failure
PT08.S3(NOx),NOx(GT),Sensor point reading,2004-11-02 06:00:00,2004-11-02 06:00:00,1,3.5324291698229375,17.9,69.3,Item for investigation; not evidence of device failure
PT08.S3(NOx),NOx(GT),Sensor point reading,2004-11-05 03:00:00,2004-11-05 06:00:00,4,4.674178001977934,16.85,68.75,Item for investigation; not evidence of device failure
PT08.S3(NOx),NOx(GT),Sensor point reading,2004-11-07 06:00:00,2004-11-07 08:00:00,3,4.469625432798238,15.166666666666666,50.1,Item for investigation; not evidence of device failure
PT08.S5(O3),,Sensor point reading,2004-11-07 19:00:00,2004-11-07 21:00:00,3,3.8847719152367834,13.966666666666667,43.53333333333333,Item for investigation; not evidence of device failure
PT08.S3(NOx),NOx(GT),Sensor point reading,2004-11-08 04:00:00,2004-11-08 04:00:00,1,4.2147446970220415,11.3,49.5,Item for investigation; not evidence of device failure
PT08.S5(O3),,Sensor point reading,2004-11-08 08:00:00,2004-11-08 08:00:00,1,4.3773073778277,10.7,50.4,Item for investigation; not evidence of device failure
PT08.S1(CO),CO(GT),Reference point reading,2004-11-08 18:00:00,2004-11-08 19:00:00,2,5.395926075812762,10.95,52.15,Item for investigation; not evidence of device failure
PT08.S1(CO),CO(GT),Sensor point reading,2004-11-08 18:00:00,2004-11-08 19:00:00,2,3.908078812261449,10.95,52.15,Item for investigation; not evidence of device failure
PT08.S4(NO2),NO2(GT),Sensor point reading,2004-11-08 18:00:00,2004-11-08 19:00:00,2,4.8597923952031605,10.95,52.15,Item for investigation; not evidence of device failure
PT08.S1(CO),CO(GT),Reference point reading,2004-11-11 09:00:00,2004-11-11 09:00:00,1,4.480545759380236,9.9,83.4,Item for investigation; not evidence of device failure
PT08.S1(CO),CO(GT),Sensor point reading,2004-11-11 09:00:00,2004-11-11 09:00:00,1,4.917402226184096,9.9,83.4,Item for investigation; not evidence of device failure
PT08.S4(NO2),NO2(GT),Sensor point reading,2004-11-11 09:00:00,2004-11-11 09:00:00,1,5.5880994206915675,9.9,83.4,Item for investigation; not evidence of device failure
PT08.S3(NOx),NOx(GT),Sensor point reading,2004-11-12 03:00:00,2004-11-12 03:00:00,1,3.5479310681411147,13.1,67.6,Item for investigation; not evidence of device failure
PT08.S3(NOx),NOx(GT),Sensor point reading,2004-11-14 04:00:00,2004-11-14 07:00:00,4,4.252365003990333,9.875,47.775,Item for investigation; not evidence of device failure
PT08.S1(CO),CO(GT),Sensor point reading,2004-11-15 08:00:00,2004-11-15 10:00:00,3,5.580867090507957,11.466666666666667,37.53333333333333,Item for investigation; not evidence of device failure
PT08.S2(NMHC),NMHC(GT),Sensor point reading,2004-11-15 08:00:00,2004-11-15 08:00:00,1,3.664125477156639,10.7,37.9,Item for investigation; not evidence of device failure
PT08.S3(NOx),NOx(GT),Sensor point reading,2004-11-15 08:00:00,2004-11-15 09:00:00,2,3.638092281423416,10.899999999999999,38.0,Item for investigation; not evidence of device failure
PT08.S4(NO2),NO2(GT),Sensor point reading,2004-11-15 08:00:00,2004-11-15 10:00:00,3,6.267575672674822,11.466666666666667,37.53333333333333,Item for investigation; not evidence of device failure
PT08.S5(O3),,Sensor point reading,2004-11-15 08:00:00,2004-11-15 10:00:00,3,5.939701571824901,11.466666666666667,37.53333333333333,Item for investigation; not evidence of device failure
PT08.S3(NOx),NOx(GT),Sensor point reading,2004-11-16 04:00:00,2004-11-16 05:00:00,2,3.672969482298291,10.899999999999999,41.3,Item for investigation; not evidence of device failure
PT08.S1(CO),CO(GT),Sensor point reading,2004-11-16 08:00:00,2004-11-16 09:00:00,2,6.971963890035301,10.7,44.75,Item for investigation; not evidence of device failure
PT08.S4(NO2),NO2(GT),Sensor point reading,2004-11-16 08:00:00,2004-11-16 09:00:00,2,6.755364815843109,10.7,44.75,Item for investigation; not evidence of device failure
PT08.S3(NOx),NOx(GT),Sensor point reading,2004-11-19 02:00:00,2004-11-19 06:00:00,5,5.395926075812762,15.040000000000001,61.839999999999996,Item for investigation; not evidence of device failure
PT08.S4(NO2),NO2(GT),Sensor point reading,2004-11-22 08:00:00,2004-11-22 10:00:00,3,8.093889113719142,5.5,54.23333333333333,Item for investigation; not evidence of device failure
PT08.S1(CO),CO(GT),Sensor point reading,2004-11-22 09:00:00,2004-11-22 09:00:00,1,3.6677929465029053,5.4,55.1,Item for investigation; not evidence of device failure
PT08.S2(NMHC),NMHC(GT),Sensor point reading,2004-11-22 09:00:00,2004-11-22 10:00:00,2,8.564760021278275,5.800000000000001,53.45,Item for investigation; not evidence of device failure
PT08.S3(NOx),NOx(GT),Sensor point reading,2004-11-22 09:00:00,2004-11-22 10:00:00,2,3.9626332119249965,5.800000000000001,53.45,Item for investigation; not evidence of device failure
PT08.S5(O3),,Sensor point reading,2004-11-22 09:00:00,2004-11-22 10:00:00,2,3.897472920410465,5.800000000000001,53.45,Item for investigation; not evidence of device failure
PT08.S4(NO2),NO2(GT),Sensor point reading,2004-11-22 13:00:00,2004-11-22 13:00:00,1,3.5167090465195887,7.8,49.0,Item for investigation; not evidence of device failure
PT08.S4(NO2),NO2(GT),Sensor point reading,2004-11-22 18:00:00,2004-11-22 18:00:00,1,3.7457568592316575,8.9,53.4,Item for investigation; not evidence of device failure
PT08.S3(NOx),NOx(GT),Sensor point reading,2004-11-24 04:00:00,2004-11-24 06:00:00,3,6.17127526661296,10.3,78.60000000000001,Item for investigation; not evidence of device failure
PT08.S1(CO),CO(GT),Sensor point reading,2004-11-26 08:00:00,2004-11-26 10:00:00,3,5.351384233205817,11.0,70.83333333333333,Item for investigation; not evidence of device failure
PT08.S4(NO2),NO2(GT),Sensor point reading,2004-11-26 08:00:00,2004-11-26 10:00:00,3,5.83581135373228,11.0,70.83333333333333,Item for investigation; not evidence of device failure
PT08.S1(CO),CO(GT),Sustained sensor/reference divergence,2004-11-26 18:00:00,2004-12-04 18:00:00,193,4.172087707619052,13.06943005181347,73.8020725388601,Item for investigation; not evidence of device failure
PT08.S2(NMHC),NMHC(GT),Sensor point reading,2004-11-29 09:00:00,2004-11-29 11:00:00,3,3.761462421453199,13.333333333333334,69.56666666666668,Item for investigation; not evidence of device failure
PT08.S4(NO2),NO2(GT),Sensor point reading,2004-11-29 09:00:00,2004-11-29 11:00:00,3,4.948709376594585,13.333333333333334,69.56666666666668,Item for investigation; not evidence of device failure
PT08.S1(CO),CO(GT),Sensor point reading,2004-11-29 11:00:00,2004-11-29 11:00:00,1,4.117290218890873,14.9,64.9,Item for investigation; not evidence of device failure
PT08.S5(O3),,Sensor point reading,2004-11-29 11:00:00,2004-11-29 11:00:00,1,3.8668248654084354,14.9,64.9,Item for investigation; not evidence of device failure
PT08.S3(NOx),NOx(GT),Sensor point reading,2004-11-29 21:00:00,2004-11-30 00:00:00,4,7.953014461423398,16.099999999999998,61.775,Item for investigation; not evidence of device failure
PT08.S3(NOx),NOx(GT),Sensor point reading,2004-11-30 02:00:00,2004-11-30 02:00:00,1,5.131994909061051,13.2,84.4,Item for investigation; not evidence of device failure
PT08.S3(NOx),NOx(GT),Sensor point reading,2004-12-01 04:00:00,2004-12-01 05:00:00,2,3.6526999580105755,8.4,81.05000000000001,Item for investigation; not evidence of device failure
PT08.S1(CO),CO(GT),Reference point reading,2004-12-02 19:00:00,2004-12-02 19:00:00,1,3.615270470794551,15.4,73.0,Item for investigation; not evidence of device failure
PT08.S3(NOx),NOx(GT),Sensor point reading,2004-12-03 05:00:00,2004-12-03 05:00:00,1,3.674526346105623,13.9,85.1,Item for investigation; not evidence of device failure
PT08.S3(NOx),NOx(GT),Sensor point reading,2004-12-05 05:00:00,2004-12-05 07:00:00,3,4.013007914873327,12.533333333333333,65.63333333333334,Item for investigation; not evidence of device failure
PT08.S1(CO),CO(GT),Reference point reading,2004-12-06 08:00:00,2004-12-06 10:00:00,3,6.070416835289359,14.0,71.66666666666667,Item for investigation; not evidence of device failure
PT08.S1(CO),CO(GT),Sensor point reading,2004-12-06 08:00:00,2004-12-06 09:00:00,2,5.869741898585576,13.05,75.80000000000001,Item for investigation; not evidence of device failure
PT08.S2(NMHC),NMHC(GT),Sensor point reading,2004-12-06 08:00:00,2004-12-06 10:00:00,3,6.864205280115554,14.0,71.66666666666667,Item for investigation; not evidence of device failure
PT08.S4(NO2),NO2(GT),Sensor point reading,2004-12-06 08:00:00,2004-12-06 10:00:00,3,9.39790458204056,14.0,71.66666666666667,Item for investigation; not evidence of device failure
PT08.S5(O3),,Sensor point reading,2004-12-06 08:00:00,2004-12-06 14:00:00,7,6.637320111659256,16.82857142857143,60.05714285714287,Item for investigation; not evidence of device failure
PT08.S2(NMHC),NMHC(GT),Sensor point reading,2004-12-06 13:00:00,2004-12-06 13:00:00,1,4.057823440076936,19.4,49.8,Item for investigation; not evidence of device failure
PT08.S4(NO2),NO2(GT),Sensor point reading,2004-12-06 13:00:00,2004-12-06 13:00:00,1,4.199248921902673,19.4,49.8,Item for investigation; not evidence of device failure
PT08.S3(NOx),NOx(GT),Sensor point reading,2004-12-07 05:00:00,2004-12-07 06:00:00,2,3.853669426951073,13.25,64.45,Item for investigation; not evidence of device failure
PT08.S3(NOx),NOx(GT),Sensor point reading,2004-12-08 03:00:00,2004-12-08 03:00:00,1,4.459347478368118,12.3,69.7,Item for investigation; not evidence of device failure
PT08.S4(NO2),NO2(GT),Sensor point reading,2004-12-10 18:00:00,2004-12-10 19:00:00,2,3.7518548495885606,14.149999999999999,23.299999999999997,Item for investigation; not evidence of device failure
PT08.S1(CO),CO(GT),Reference point reading,2004-12-12 17:00:00,2004-12-12 18:00:00,2,5.770643164410867,13.25,49.849999999999994,Item for investigation; not evidence of device failure
PT08.S2(NMHC),NMHC(GT),Sensor point reading,2004-12-12 17:00:00,2004-12-12 18:00:00,2,4.166535117050457,13.25,49.849999999999994,Item for investigation; not evidence of device failure
PT08.S4(NO2),NO2(GT),Sensor point reading,2004-12-12 17:00:00,2004-12-12 18:00:00,2,4.384189936597869,13.25,49.849999999999994,Item for investigation; not evidence of device failure
PT08.S1(CO),CO(GT),Reference point reading,2004-12-18 21:00:00,2004-12-18 21:00:00,1,3.740357848006574,10.1,29.7,Item for investigation; not evidence of device failure
PT08.S2(NMHC),NMHC(GT),Sensor point reading,2004-12-21 09:00:00,2004-12-21 09:00:00,1,4.431897819585237,6.5,38.1,Item for investigation; not evidence of device failure
PT08.S5(O3),,Sensor point reading,2004-12-21 09:00:00,2004-12-21 09:00:00,1,4.261802500402519,6.5,38.1,Item for investigation; not evidence of device failure
PT08.S5(O3),,Sensor point reading,2004-12-26 01:00:00,2004-12-26 03:00:00,3,3.7915161035666594,11.533333333333331,78.06666666666666,Item for investigation; not evidence of device failure
PT08.S3(NOx),NOx(GT),Sensor point reading,2004-12-26 02:00:00,2004-12-26 08:00:00,7,8.144318329380944,10.942857142857141,79.6,Item for investigation; not evidence of device failure
PT08.S2(NMHC),NMHC(GT),Sensor point reading,2004-12-26 03:00:00,2004-12-26 03:00:00,1,3.7196768510780283,11.7,74.1,Item for investigation; not evidence of device failure
PT08.S1(CO),CO(GT),Sustained sensor/reference divergence,2004-12-27 13:00:00,2004-12-27 18:00:00,6,2.6614821144646656,13.549999999999999,65.88333333333333,Item for investigation; not evidence of device failure
PT08.S1(CO),CO(GT),Sustained sensor/reference divergence,2004-12-28 04:00:00,2004-12-30 18:00:00,63,3.1413918570533883,10.641269841269839,54.66507936507937,Item for investigation; not evidence of device failure
PT08.S3(NOx),NOx(GT),Sensor point reading,2004-12-28 05:00:00,2004-12-28 05:00:00,1,4.388513595312462,10.7,62.5,Item for investigation; not evidence of device failure
PT08.S2(NMHC),NMHC(GT),Sensor point reading,2004-12-28 09:00:00,2004-12-28 09:00:00,1,4.283206856789226,9.1,77.1,Item for investigation; not evidence of device failure
PT08.S4(NO2),NO2(GT),Sensor point reading,2004-12-28 09:00:00,2004-12-28 09:00:00,1,4.36346536018937,9.1,77.1,Item for investigation; not evidence of device failure
PT08.S3(NOx),NOx(GT),Sensor point reading,2004-12-29 04:00:00,2004-12-29 04:00:00,1,3.617418103063531,9.0,75.8,Item for investigation; not evidence of device failure
PT08.S4(NO2),NO2(GT),Sensor point reading,2004-12-30 00:00:00,2004-12-30 04:00:00,5,5.725328539743192,9.4,45.160000000000004,Item for investigation; not evidence of device failure
PT08.S3(NOx),NOx(GT),Sensor point reading,2004-12-31 04:00:00,2004-12-31 06:00:00,3,5.211192937866943,7.366666666666667,47.699999999999996,Item for investigation; not evidence of device failure
PT08.S1(CO),CO(GT),Sensor point reading,2005-01-01 01:00:00,2005-01-01 01:00:00,1,4.303609182147126,5.3,50.7,Item for investigation; not evidence of device failure
PT08.S5(O3),,Sensor point reading,2005-01-01 01:00:00,2005-01-01 01:00:00,1,3.8483081196027102,5.3,50.7,Item for investigation; not evidence of device failure
PT08.S1(CO),CO(GT),Sensor point reading,2005-01-01 18:00:00,2005-01-01 18:00:00,1,3.7451986907779364,9.0,51.8,Item for investigation; not evidence of device failure
PT08.S2(NMHC),NMHC(GT),Sensor point reading,2005-01-01 18:00:00,2005-01-01 18:00:00,1,3.6404633706849348,9.0,51.8,Item for investigation; not evidence of device failure
PT08.S4(NO2),NO2(GT),Sensor point reading,2005-01-01 18:00:00,2005-01-01 18:00:00,1,4.095899531337711,9.0,51.8,Item for investigation; not evidence of device failure
PT08.S4(NO2),NO2(GT),Sensor point reading,2005-01-10 09:00:00,2005-01-10 09:00:00,1,3.6170493475228405,13.1,70.2,Item for investigation; not evidence of device failure
PT08.S5(O3),,Sensor point reading,2005-01-10 09:00:00,2005-01-10 09:00:00,1,4.007268629831536,13.1,70.2,Item for investigation; not evidence of device failure
PT08.S3(NOx),NOx(GT),Sensor point reading,2005-01-11 01:00:00,2005-01-11 07:00:00,7,6.678924803078025,12.357142857142858,68.51428571428572,Item for investigation; not evidence of device failure
PT08.S5(O3),,Sensor point reading,2005-01-11 02:00:00,2005-01-11 06:00:00,5,4.463339362454817,12.319999999999999,68.6,Item for investigation; not evidence of device failure
PT08.S1(CO),CO(GT),Reference point reading,2005-01-11 09:00:00,2005-01-11 09:00:00,1,3.7403578480065716,12.5,65.1,Item for investigation; not evidence of device failure
PT08.S1(CO),CO(GT),Sensor point reading,2005-01-12 03:00:00,2005-01-12 06:00:00,4,4.841204703532945,10.350000000000001,73.2,Item for investigation; not evidence of device failure
PT08.S3(NOx),NOx(GT),Sensor point reading,2005-01-12 03:00:00,2005-01-12 05:00:00,3,5.369647215053933,10.733333333333334,71.43333333333334,Item for investigation; not evidence of device failure
PT08.S5(O3),,Sensor point reading,2005-01-12 03:00:00,2005-01-12 07:00:00,5,5.933563637714395,10.040000000000001,74.44000000000001,Item for investigation; not evidence of device failure
PT08.S1(CO),CO(GT),Reference point reading,2005-01-17 08:00:00,2005-01-17 11:00:00,4,6.857322721345385,4.25,54.025,Item for investigation; not evidence of device failure
PT08.S1(CO),CO(GT),Sensor point reading,2005-01-17 08:00:00,2005-01-17 11:00:00,4,5.395926075812762,4.25,54.025,Item for investigation; not evidence of device failure
PT08.S2(NMHC),NMHC(GT),Sensor point reading,2005-01-17 08:00:00,2005-01-17 11:00:00,4,6.107303048698233,4.25,54.025,Item for investigation; not evidence of device failure
PT08.S4(NO2),NO2(GT),Sensor point reading,2005-01-17 08:00:00,2005-01-17 15:00:00,8,10.692337121538813,7.7625,43.125,Item for investigation; not evidence of device failure
PT08.S5(O3),,Sensor point reading,2005-01-17 08:00:00,2005-01-17 14:00:00,7,4.683963607476355,7.1000000000000005,45.24285714285715,Item for investigation; not evidence of device failure
PT08.S1(CO),CO(GT),Reference point reading,2005-01-17 18:00:00,2005-01-17 18:00:00,1,4.175418987236066,9.2,39.3,Item for investigation; not evidence of device failure
PT08.S4(NO2),NO2(GT),Sensor point reading,2005-01-17 18:00:00,2005-01-17 18:00:00,1,4.543573027022132,9.2,39.3,Item for investigation; not evidence of device failure
PT08.S5(O3),,Sensor point reading,2005-01-17 18:00:00,2005-01-17 18:00:00,1,3.505813187089375,9.2,39.3,Item for investigation; not evidence of device failure
PT08.S1(CO),CO(GT),Sensor point reading,2005-01-20 08:00:00,2005-01-20 10:00:00,3,4.823245242294898,7.633333333333333,53.43333333333334,Item for investigation; not evidence of device failure
PT08.S5(O3),,Sensor point reading,2005-01-20 08:00:00,2005-01-20 10:00:00,3,5.268410409842062,7.633333333333333,53.43333333333334,Item for investigation; not evidence of device failure
PT08.S2(NMHC),NMHC(GT),Sensor point reading,2005-01-20 09:00:00,2005-01-20 09:00:00,1,3.536708023784012,7.6,53.5,Item for investigation; not evidence of device failure
PT08.S1(CO),CO(GT),Sensor point reading,2005-01-21 09:00:00,2005-01-21 09:00:00,1,3.5703582717204205,7.9,60.0,Item for investigation; not evidence of device failure
PT08.S3(NOx),NOx(GT),Sensor point reading,2005-01-22 15:00:00,2005-01-22 18:00:00,4,6.024843135324723,14.75,29.0,Item for investigation; not evidence of device failure
PT08.S1(CO),CO(GT),Sensor point reading,2005-01-22 16:00:00,2005-01-22 17:00:00,2,3.6154380461385194,14.9,27.5,Item for investigation; not evidence of device failure
PT08.S1(CO),CO(GT),Sensor point reading,2005-01-24 05:00:00,2005-01-24 05:00:00,1,3.9299410577666927,6.6,51.3,Item for investigation; not evidence of device failure
PT08.S3(NOx),NOx(GT),Sensor point reading,2005-01-24 05:00:00,2005-01-24 05:00:00,1,4.343149493560934,6.6,51.3,Item for investigation; not evidence of device failure
PT08.S3(NOx),NOx(GT),Sensor point reading,2005-01-24 22:00:00,2005-01-24 22:00:00,1,4.041505115250889,6.4,41.7,Item for investigation; not evidence of device failure
PT08.S3(NOx),NOx(GT),Sensor point reading,2005-01-25 03:00:00,2005-01-25 06:00:00,4,4.313978441157472,3.95,54.49999999999999,Item for investigation; not evidence of device failure
PT08.S3(NOx),NOx(GT),Sensor point reading,2005-01-26 04:00:00,2005-01-26 05:00:00,2,4.630986363915933,3.0,53.349999999999994,Item for investigation; not evidence of device failure
PT08.S3(NOx),NOx(GT),Sensor point reading,2005-01-27 04:00:00,2005-01-27 05:00:00,2,4.367738942464293,4.25,44.05,Item for investigation; not evidence of device failure
PT08.S3(NOx),NOx(GT),Sensor point reading,2005-01-30 05:00:00,2005-01-30 08:00:00,4,5.0457097199306835,2.8999999999999995,43.7,Item for investigation; not evidence of device failure
PT08.S1(CO),CO(GT),Sensor point reading,2005-01-30 07:00:00,2005-01-30 07:00:00,1,3.844597329016593,2.8,43.8,Item for investigation; not evidence of device failure
PT08.S1(CO),CO(GT),Sustained sensor/reference divergence,2005-01-30 18:00:00,2005-01-31 14:00:00,21,2.8544185088976577,5.747619047619048,32.65714285714286,Item for investigation; not evidence of device failure
PT08.S5(O3),,Sensor point reading,2005-01-30 21:00:00,2005-01-30 21:00:00,1,3.6923153946605365,4.6,33.8,Item for investigation; not evidence of device failure
PT08.S5(O3),,Sensor point reading,2005-01-31 00:00:00,2005-01-31 00:00:00,1,3.589662686027981,2.9,42.8,Item for investigation; not evidence of device failure
PT08.S1(CO),CO(GT),Sensor point reading,2005-01-31 08:00:00,2005-01-31 11:00:00,4,7.973444335241179,6.175000000000001,32.375,Item for investigation; not evidence of device failure
PT08.S5(O3),,Sensor point reading,2005-01-31 08:00:00,2005-01-31 12:00:00,5,6.955138480836579,7.32,29.619999999999997,Item for investigation; not evidence of device failure
PT08.S2(NMHC),NMHC(GT),Sensor point reading,2005-01-31 09:00:00,2005-01-31 10:00:00,2,5.71175905048831,5.5,36.599999999999994,Item for investigation; not evidence of device failure
PT08.S3(NOx),NOx(GT),Sensor point reading,2005-01-31 09:00:00,2005-01-31 09:00:00,1,3.630769407395289,4.4,38.8,Item for investigation; not evidence of device failure
PT08.S4(NO2),NO2(GT),Sensor point reading,2005-01-31 09:00:00,2005-01-31 11:00:00,3,6.433604167315216,7.0,31.866666666666664,Item for investigation; not evidence of device failure
PT08.S1(CO),CO(GT),Sensor point reading,2005-02-02 19:00:00,2005-02-02 20:00:00,2,4.869180911269135,8.55,33.8,Item for investigation; not evidence of device failure
PT08.S4(NO2),NO2(GT),Sensor point reading,2005-02-02 19:00:00,2005-02-02 20:00:00,2,5.391517639476313,8.55,33.8,Item for investigation; not evidence of device failure
PT08.S5(O3),,Sensor point reading,2005-02-02 20:00:00,2005-02-02 20:00:00,1,4.046944556859571,8.2,36.2,Item for investigation; not evidence of device failure
PT08.S4(NO2),NO2(GT),Sensor point reading,2005-02-03 09:00:00,2005-02-03 09:00:00,1,4.582754973266213,2.1,62.2,Item for investigation; not evidence of device failure
PT08.S1(CO),CO(GT),Reference point reading,2005-02-05 09:00:00,2005-02-05 09:00:00,1,5.620756328971624,4.1,52.7,Item for investigation; not evidence of device failure
PT08.S4(NO2),NO2(GT),Sustained sensor/reference divergence,2005-02-06 11:00:00,2005-03-01 16:00:00,558,3.156789815547653,7.0798755186722,52.423029045643155,Item for investigation; not evidence of device failure
PT08.S1(CO),CO(GT),Sensor point reading,2005-02-07 08:00:00,2005-02-07 09:00:00,2,4.991231620126805,4.25,45.0,Item for investigation; not evidence of device failure
PT08.S4(NO2),NO2(GT),Sensor point reading,2005-02-07 08:00:00,2005-02-07 09:00:00,2,4.8615892403832515,4.25,45.0,Item for investigation; not evidence of device failure
PT08.S5(O3),,Sensor point reading,2005-02-07 08:00:00,2005-02-07 09:00:00,2,3.9383187042097823,4.25,45.0,Item for investigation; not evidence of device failure
PT08.S1(CO),CO(GT),Reference point reading,2005-02-07 09:00:00,2005-02-07 09:00:00,1,3.8221143037007046,5.6,40.5,Item for investigation; not evidence of device failure
PT08.S1(CO),CO(GT),Sensor point reading,2005-02-08 09:00:00,2005-02-08 09:00:00,1,3.5972840505418406,6.6,43.7,Item for investigation; not evidence of device failure
PT08.S4(NO2),NO2(GT),Sensor point reading,2005-02-08 09:00:00,2005-02-08 09:00:00,1,4.589966778472085,6.6,43.7,Item for investigation; not evidence of device failure
PT08.S1(CO),CO(GT),Reference point reading,2005-02-10 09:00:00,2005-02-10 10:00:00,2,5.058680696074465,,,Item for investigation; not evidence of device failure
PT08.S1(CO),CO(GT),Reference point reading,2005-02-10 19:00:00,2005-02-10 20:00:00,2,6.913530284635102,,,Item for investigation; not evidence of device failure
PT08.S1(CO),CO(GT),Reference point reading,2005-02-11 09:00:00,2005-02-11 09:00:00,1,3.6318733202585904,,,Item for investigation; not evidence of device failure
PT08.S2(NMHC),NMHC(GT),Sensor point reading,2005-02-14 11:00:00,2005-02-14 11:00:00,1,4.754743501989331,11.7,36.9,Item for investigation; not evidence of device failure
PT08.S1(CO),CO(GT),Reference point reading,2005-02-14 19:00:00,2005-02-14 19:00:00,1,3.844597329016592,10.7,19.9,Item for investigation; not evidence of device failure
PT08.S1(CO),CO(GT),Reference point reading,2005-02-16 20:00:00,2005-02-16 21:00:00,2,6.4919735599622275,6.25,43.849999999999994,Item for investigation; not evidence of device failure
PT08.S1(CO),CO(GT),Sensor point reading,2005-02-16 20:00:00,2005-02-16 20:00:00,1,3.7663170145955864,6.6,43.4,Item for investigation; not evidence of device failure
PT08.S4(NO2),NO2(GT),Sensor point reading,2005-02-16 20:00:00,2005-02-16 20:00:00,1,5.664668487791718,6.6,43.4,Item for investigation; not evidence of device failure
PT08.S3(NOx),NOx(GT),Sensor point reading,2005-02-17 05:00:00,2005-02-17 05:00:00,1,3.540029141352316,6.9,45.0,Item for investigation; not evidence of device failure
PT08.S3(NOx),NOx(GT),Sensor point reading,2005-02-21 03:00:00,2005-02-21 04:00:00,2,4.3461138453370936,4.25,80.35,Item for investigation; not evidence of device failure
PT08.S1(CO),CO(GT),Sensor point reading,2005-02-21 08:00:00,2005-02-21 10:00:00,3,6.121321798268722,4.5,78.96666666666665,Item for investigation; not evidence of device failure
PT08.S2(NMHC),NMHC(GT),Sensor point reading,2005-02-21 08:00:00,2005-02-21 10:00:00,3,6.767390620081838,4.5,78.96666666666665,Item for investigation; not evidence of device failure
PT08.S3(NOx),NOx(GT),Sensor point reading,2005-02-21 08:00:00,2005-02-21 10:00:00,3,4.6727607254461025,4.5,78.96666666666665,Item for investigation; not evidence of device failure
PT08.S4(NO2),NO2(GT),Sensor point reading,2005-02-21 08:00:00,2005-02-21 11:00:00,4,6.948178782553419,4.925,78.57499999999999,Item for investigation; not evidence of device failure
PT08.S5(O3),,Sensor point reading,2005-02-21 08:00:00,2005-02-21 10:00:00,3,5.418712925795079,4.5,78.96666666666665,Item for investigation; not evidence of device failure
PT08.S4(NO2),NO2(GT),Sensor point reading,2005-02-21 13:00:00,2005-02-21 13:00:00,1,3.9997302036962097,8.1,64.8,Item for investigation; not evidence of device failure
PT08.S3(NOx),NOx(GT),Sensor point reading,2005-02-22 03:00:00,2005-02-22 04:00:00,2,4.407563378757949,2.95,86.0,Item for investigation; not evidence of device failure
PT08.S4(NO2),NO2(GT),Sensor point reading,2005-02-25 09:00:00,2005-02-25 09:00:00,1,3.9767486859638175,6.2,76.8,Item for investigation; not evidence of device failure
PT08.S3(NOx),NOx(GT),Sensor point reading,2005-02-26 07:00:00,2005-02-26 07:00:00,1,4.0122281207100405,5.7,54.3,Item for investigation; not evidence of device failure
PT08.S1(CO),CO(GT),Sensor point reading,2005-02-27 00:00:00,2005-02-27 00:00:00,1,4.075344167784902,6.3,60.4,Item for investigation; not evidence of device failure
PT08.S2(NMHC),NMHC(GT),Sensor point reading,2005-02-27 00:00:00,2005-02-27 00:00:00,1,3.649476787882292,6.3,60.4,Item for investigation; not evidence of device failure
PT08.S3(NOx),NOx(GT),Sensor point reading,2005-02-28 03:00:00,2005-02-28 06:00:00,4,6.437486636365055,3.5249999999999995,49.74999999999999,Item for investigation; not evidence of device failure
PT08.S1(CO),CO(GT),Reference point reading,2005-02-28 19:00:00,2005-02-28 20:00:00,2,4.046944556859572,1.5,37.95,Item for investigation; not evidence of device failure
PT08.S2(NMHC),NMHC(GT),Sensor point reading,2005-02-28 19:00:00,2005-02-28 20:00:00,2,4.082074283915643,1.5,37.95,Item for investigation; not evidence of device failure
PT08.S1(CO),CO(GT),Sensor point reading,2005-03-01 20:00:00,2005-03-01 20:00:00,1,3.6177231644653745,1.4,36.5,Item for investigation; not evidence of device failure
PT08.S4(NO2),NO2(GT),Sensor point reading,2005-03-01 20:00:00,2005-03-01 20:00:00,1,3.583657974592819,1.4,36.5,Item for investigation; not evidence of device failure
PT08.S1(CO),CO(GT),Sensor point reading,2005-03-02 08:00:00,2005-03-02 10:00:00,3,5.38615084741455,0.7333333333333333,43.26666666666667,Item for investigation; not evidence of device failure
PT08.S2(NMHC),NMHC(GT),Sensor point reading,2005-03-02 08:00:00,2005-03-02 09:00:00,2,4.098468156541811,-1.2,48.65,Item for investigation; not evidence of device failure
PT08.S4(NO2),NO2(GT),Sensor point reading,2005-03-02 08:00:00,2005-03-02 09:00:00,2,5.007582911265631,-1.2,48.65,Item for investigation; not evidence of device failure
PT08.S5(O3),,Sensor point reading,2005-03-02 08:00:00,2005-03-02 10:00:00,3,5.122992605698977,0.7333333333333333,43.26666666666667,Item for investigation; not evidence of device failure
PT08.S1(CO),CO(GT),Sensor point reading,2005-03-03 08:00:00,2005-03-03 08:00:00,1,3.7096991771212737,3.8,72.4,Item for investigation; not evidence of device failure
PT08.S4(NO2),NO2(GT),Sensor point reading,2005-03-03 08:00:00,2005-03-03 09:00:00,2,4.555122526328239,4.85,61.300000000000004,Item for investigation; not evidence of device failure
PT08.S1(CO),CO(GT),Reference point reading,2005-03-03 09:00:00,2005-03-03 09:00:00,1,3.642250101173614,5.9,50.2,Item for investigation; not evidence of device failure
PT08.S1(CO),CO(GT),Reference point reading,2005-03-03 18:00:00,2005-03-03 21:00:00,4,6.4076622150276545,4.775,82.6,Item for investigation; not evidence of device failure
PT08.S2(NMHC),NMHC(GT),Sensor point reading,2005-03-03 18:00:00,2005-03-03 20:00:00,3,4.529426997945019,4.933333333333334,82.26666666666667,Item for investigation; not evidence of device failure
PT08.S1(CO),CO(GT),Sensor point reading,2005-03-03 19:00:00,2005-03-03 19:00:00,1,3.605736315698189,4.9,82.4,Item for investigation; not evidence of device failure
PT08.S3(NOx),NOx(GT),Sensor point reading,2005-03-04 04:00:00,2005-03-04 04:00:00,1,4.106190366813597,4.5,65.1,Item for investigation; not evidence of device failure
PT08.S1(CO),CO(GT),Reference point reading,2005-03-04 09:00:00,2005-03-04 10:00:00,2,6.997841629569677,5.75,65.15,Item for investigation; not evidence of device failure
PT08.S1(CO),CO(GT),Sensor point reading,2005-03-04 09:00:00,2005-03-04 09:00:00,1,4.563691509684382,5.0,69.4,Item for investigation; not evidence of device failure
PT08.S2(NMHC),NMHC(GT),Sensor point reading,2005-03-04 09:00:00,2005-03-04 09:00:00,1,4.70677247373885,5.0,69.4,Item for investigation; not evidence of device failure
PT08.S4(NO2),NO2(GT),Sensor point reading,2005-03-04 09:00:00,2005-03-04 09:00:00,1,5.626239993682819,5.0,69.4,Item for investigation; not evidence of device failure
PT08.S3(NOx),NOx(GT),Sensor point reading,2005-03-06 06:00:00,2005-03-06 06:00:00,1,3.949692400842016,5.8,59.4,Item for investigation; not evidence of device failure
PT08.S1(CO),CO(GT),Reference point reading,2005-03-07 18:00:00,2005-03-07 21:00:00,4,9.442870632672332,6.475,32.35,Item for investigation; not evidence of device failure
PT08.S2(NMHC),NMHC(GT),Sensor point reading,2005-03-07 19:00:00,2005-03-07 20:00:00,2,4.678267907729665,6.5,32.0,Item for investigation; not evidence of device failure
PT08.S1(CO),CO(GT),Sensor point reading,2005-03-07 20:00:00,2005-03-07 20:00:00,1,3.747170885981084,6.1,33.3,Item for investigation; not evidence of device failure
PT08.S2(NMHC),NMHC(GT),Sensor point reading,2005-03-08 08:00:00,2005-03-08 09:00:00,2,6.549537857538249,2.5,53.5,Item for investigation; not evidence of device failure
PT08.S4(NO2),NO2(GT),Sensor point reading,2005-03-08 08:00:00,2005-03-08 10:00:00,3,8.445546689172753,4.233333333333333,47.199999999999996,Item for investigation; not evidence of device failure
PT08.S1(CO),CO(GT),Sensor point reading,2005-03-08 09:00:00,2005-03-08 09:00:00,1,4.07504833850443,4.1,47.9,Item for investigation; not evidence of device failure
PT08.S3(NOx),NOx(GT),Sensor point reading,2005-03-08 09:00:00,2005-03-08 09:00:00,1,4.55004832007572,4.1,47.9,Item for investigation; not evidence of device failure
PT08.S1(CO),CO(GT),Sensor point reading,2005-03-08 19:00:00,2005-03-08 20:00:00,2,4.373651018481047,10.25,36.4,Item for investigation; not evidence of device failure
PT08.S4(NO2),NO2(GT),Sensor point reading,2005-03-08 19:00:00,2005-03-08 20:00:00,2,5.967027740771046,10.25,36.4,Item for investigation; not evidence of device failure
PT08.S4(NO2),NO2(GT),Sensor point reading,2005-03-09 08:00:00,2005-03-09 09:00:00,2,6.091363753285524,4.5,57.05,Item for investigation; not evidence of device failure
PT08.S1(CO),CO(GT),Sensor point reading,2005-03-09 09:00:00,2005-03-09 09:00:00,1,3.6116627295229313,5.7,52.5,Item for investigation; not evidence of device failure
PT08.S4(NO2),NO2(GT),Sustained sensor/reference divergence,2005-03-11 01:00:00,2005-03-12 04:00:00,28,2.553413182988779,11.025925925925925,47.1962962962963,Item for investigation; not evidence of device failure
PT08.S1(CO),CO(GT),Sensor point reading,2005-03-12 20:00:00,2005-03-12 20:00:00,1,3.7133254715270616,13.2,51.4,Item for investigation; not evidence of device failure
PT08.S3(NOx),NOx(GT),Reference point reading,2005-03-12 20:00:00,2005-03-12 21:00:00,2,5.7237159776144715,12.6,53.75,Item for investigation; not evidence of device failure
PT08.S4(NO2),NO2(GT),Sensor point reading,2005-03-12 20:00:00,2005-03-12 20:00:00,1,3.5281055111083446,13.2,51.4,Item for investigation; not evidence of device failure
PT08.S3(NOx),NOx(GT),Sensor point reading,2005-03-13 06:00:00,2005-03-13 06:00:00,1,4.051133940458804,13.3,50.1,Item for investigation; not evidence of device failure
PT08.S3(NOx),NOx(GT),Reference point reading,2005-03-14 08:00:00,2005-03-14 08:00:00,1,3.535706337893235,10.8,64.4,Item for investigation; not evidence of device failure
PT08.S4(NO2),NO2(GT),Sensor point reading,2005-03-14 08:00:00,2005-03-14 09:00:00,2,5.6707186074513745,11.25,63.050000000000004,Item for investigation; not evidence of device failure
PT08.S2(NMHC),NMHC(GT),Sensor point reading,2005-03-14 09:00:00,2005-03-14 09:00:00,1,3.763658437879401,11.7,61.7,Item for investigation; not evidence of device failure
PT08.S1(CO),CO(GT),Sensor point reading,2005-03-14 18:00:00,2005-03-14 20:00:00,3,4.517188114522831,16.833333333333332,42.96666666666667,Item for investigation; not evidence of device failure
PT08.S4(NO2),NO2(GT),Sensor point reading,2005-03-14 18:00:00,2005-03-14 20:00:00,3,5.7271848511770065,16.833333333333332,42.96666666666667,Item for investigation; not evidence of device failure
PT08.S4(NO2),NO2(GT),Reference point reading,2005-03-20 04:00:00,2005-03-20 08:00:00,5,5.339718512523045,12.88,64.75999999999999,Item for investigation; not evidence of device failure
PT08.S1(CO),CO(GT),Sensor point reading,2005-03-21 08:00:00,2005-03-21 09:00:00,2,5.318841417586865,14.1,61.849999999999994,Item for investigation; not evidence of device failure
PT08.S2(NMHC),NMHC(GT),Sensor point reading,2005-03-21 08:00:00,2005-03-21 09:00:00,2,5.289602409294283,14.1,61.849999999999994,Item for investigation; not evidence of device failure
PT08.S4(NO2),NO2(GT),Sensor point reading,2005-03-21 08:00:00,2005-03-21 09:00:00,2,6.931231008986006,14.1,61.849999999999994,Item for investigation; not evidence of device failure
PT08.S1(CO),CO(GT),Reference point reading,2005-03-21 09:00:00,2005-03-21 09:00:00,1,6.205314987184677,14.7,59.8,Item for investigation; not evidence of device failure
PT08.S3(NOx),NOx(GT),Reference point reading,2005-03-21 09:00:00,2005-03-21 09:00:00,1,4.2650433653130815,14.7,59.8,Item for investigation; not evidence of device failure
PT08.S5(O3),,Sensor point reading,2005-03-21 09:00:00,2005-03-21 09:00:00,1,3.626881957286806,14.7,59.8,Item for investigation; not evidence of device failure
PT08.S1(CO),CO(GT),Reference point reading,2005-03-21 19:00:00,2005-03-21 19:00:00,1,3.709699177121274,18.6,46.4,Item for investigation; not evidence of device failure
PT08.S4(NO2),NO2(GT),Sensor point reading,2005-03-21 19:00:00,2005-03-21 19:00:00,1,3.6312380071413433,18.6,46.4,Item for investigation; not evidence of device failure
PT08.S4(NO2),NO2(GT),Sensor point reading,2005-03-23 19:00:00,2005-03-23 20:00:00,2,4.269456972357005,20.25,32.4,Item for investigation; not evidence of device failure
PT08.S1(CO),CO(GT),Reference point reading,2005-03-24 20:00:00,2005-03-24 20:00:00,1,3.8595860125605155,18.8,49.1,Item for investigation; not evidence of device failure
PT08.S1(CO),CO(GT),Reference point reading,2005-03-28 19:00:00,2005-03-28 19:00:00,1,4.432367847989054,19.6,47.8,Item for investigation; not evidence of device failure
PT08.S3(NOx),NOx(GT),Reference point reading,2005-03-28 19:00:00,2005-03-28 19:00:00,1,5.404151572879549,19.6,47.8,Item for investigation; not evidence of device failure
PT08.S3(NOx),NOx(GT),Sensor point reading,2005-03-29 03:00:00,2005-03-29 03:00:00,1,3.729537140635291,14.2,65.1,Item for investigation; not evidence of device failure
PT08.S1(CO),CO(GT),Sensor point reading,2005-03-29 07:00:00,2005-03-29 08:00:00,2,4.688533328069016,13.8,67.85,Item for investigation; not evidence of device failure
PT08.S2(NMHC),NMHC(GT),Sensor point reading,2005-03-29 07:00:00,2005-03-29 08:00:00,2,5.938912347592662,13.8,67.85,Item for investigation; not evidence of device failure
PT08.S3(NOx),NOx(GT),Reference point reading,2005-03-29 07:00:00,2005-03-29 09:00:00,3,5.766234728074421,14.300000000000002,66.33333333333333,Item for investigation; not evidence of device failure
PT08.S4(NO2),NO2(GT),Sensor point reading,2005-03-29 07:00:00,2005-03-29 09:00:00,3,6.684016067868759,14.300000000000002,66.33333333333333,Item for investigation; not evidence of device failure
PT08.S3(NOx),NOx(GT),Sensor point reading,2005-03-30 02:00:00,2005-03-30 05:00:00,4,5.8539757706811955,11.45,72.92500000000001,Item for investigation; not evidence of device failure
PT08.S4(NO2),NO2(GT),Reference point reading,2005-03-30 04:00:00,2005-03-30 04:00:00,1,3.568273695295536,11.5,71.5,Item for investigation; not evidence of device failure
PT08.S4(NO2),NO2(GT),Sensor point reading,2005-03-31 07:00:00,2005-03-31 07:00:00,1,3.5962031358631927,12.7,69.6,Item for investigation; not evidence of device failure
PT08.S2(NMHC),NMHC(GT),Sensor point reading,2005-04-03 05:00:00,2005-04-03 06:00:00,2,4.965001423924937,9.35,51.7,Item for investigation; not evidence of device failure
PT08.S1(CO),CO(GT),Reference point reading,2005-04-03 10:00:00,2005-04-03 10:00:00,1,4.046944556859567,21.1,23.7,Item for investigation; not evidence of device failure
PT08.S1(CO),CO(GT),Reference point reading,2005-04-03 19:00:00,2005-04-03 20:00:00,2,4.856333468231486,18.7,36.85,Item for investigation; not evidence of device failure
PT08.S1(CO),CO(GT),Sensor point reading,2005-04-03 19:00:00,2005-04-03 20:00:00,2,6.129068205678626,18.7,36.85,Item for investigation; not evidence of device failure
PT08.S3(NOx),NOx(GT),Reference point reading,2005-04-03 19:00:00,2005-04-03 20:00:00,2,4.761703421379545,18.7,36.85,Item for investigation; not evidence of device failure
PT08.S3(NOx),NOx(GT),Sensor point reading,2005-04-03 19:00:00,2005-04-03 19:00:00,1,3.941142084784811,19.9,33.0,Item for investigation; not evidence of device failure
PT08.S4(NO2),NO2(GT),Sensor point reading,2005-04-03 19:00:00,2005-04-03 23:00:00,5,9.180568670653656,16.72,44.36,Item for investigation; not evidence of device failure
PT08.S5(O3),,Sensor point reading,2005-04-03 19:00:00,2005-04-03 20:00:00,2,6.389041304489957,18.7,36.85,Item for investigation; not evidence of device failure
PT08.S4(NO2),NO2(GT),Reference point reading,2005-04-03 20:00:00,2005-04-03 20:00:00,1,3.597284050541841,17.5,40.7,Item for investigation; not evidence of device failure
PT08.S1(CO),CO(GT),Sensor point reading,2005-04-04 07:00:00,2005-04-04 08:00:00,2,5.51981213367581,11.6,55.4,Item for investigation; not evidence of device failure
PT08.S2(NMHC),NMHC(GT),Sensor point reading,2005-04-04 07:00:00,2005-04-04 08:00:00,2,6.240326721264377,11.6,55.4,Item for investigation; not evidence of device failure
PT08.S3(NOx),NOx(GT),Reference point reading,2005-04-04 07:00:00,2005-04-04 09:00:00,3,5.440892126444535,13.799999999999999,49.03333333333333,Item for investigation; not evidence of device failure
PT08.S3(NOx),NOx(GT),Sensor point reading,2005-04-04 07:00:00,2005-04-04 07:00:00,1,3.622439883063113,9.7,61.9,Item for investigation; not evidence of device failure
PT08.S4(NO2),NO2(GT),Sensor point reading,2005-04-04 07:00:00,2005-04-04 08:00:00,2,5.153375211567483,11.6,55.4,Item for investigation; not evidence of device failure
PT08.S5(O3),,Sensor point reading,2005-04-04 07:00:00,2005-04-04 10:00:00,4,4.8861103178137295,15.825,44.1,Item for investigation; not evidence of device failure
